"YEAR", "DDD", "MM", "DD", "HH", "mm", "hh_mmm", "ZNAGL", "dw_psp", "qc", "uw_psp", "qc", "direct", "qc", "diffuse", "qc", "dw_pir", "qc", "dwCasTmp", "qc", "dwDomTmp", "qc", "uw_pir", "qc", "uwCastmp", "qc", "uwDomtmp", "qc", "uvb", "qc", "par", "qc", "netSolar", "qc", "netIr", "qc", "totalNet", "qc", "temp", "qc", "rh", "qc", "windSp", "qc", "winsDir", "qc", "Baro", "qc"
1995,1,1,1,0,0,0.000,104.93,-5.9,0,0.3,0,-2.1,0,-9999.9,1,324.9,0,277.0,0,276.0,0,316.5,0,273.8,0,273.9,0,0.0,0,0.5,0,0.0,0,0.0,0,0.0,0,-9999.9,1,-9999.9,1,-9999.9,1,-9999.9,1,-9999.9,1
1995,1,1,1,0,3,0.050,105.48,-6.1,0,0.4,0,-2.2,0,-9999.9,1,324.1,0,276.9,0,276.0,0,316.1,0,273.8,0,273.9,0,0.0,0,0.5,0,0.0,0,0.0,0,0.0,0,-9999.9,1,-9999.9,1,-9999.9,1,-9999.9,1,-9999.9,1
1995,1,1,1,0,6,0.100,106.03,-6.1,0,0.3,0,-2.0,0,-9999.9,1,323.9,0,276.9,0,275.9,0,315.3,0,273.7,0,273.8,0,0.0,0,0.5,0,0.0,0,0.0,0,0.0,0,-9999.9,1,-9999.9,1,-9999.9,1,-9999.9,1,-9999.9,1
1995,1,1,1,0,9,0.150,106.58,-6.0,0,0.3,0,-1.9,0,-9999.9,1,323.2,0,276.8,0,276.0,0,315.4,0,273.7,0,273.8,0,0.0,0,0.5,0,0.0,0,0.0,0,0.0,0,-9999.9,1,-9999.9,1,-9999.9,1,-9999.9,1,-9999.9,1
1995,1,1,1,0,12,0.200,107.13,-6.0,0,0.2,0,-1.5,0,-9999.9,1,323.3,0,276.8,0,275.9,0,315.4,0,273.6,0,273.7,0,0.0,0,0.5,0,0.0,0,0.0,0,0.0,0,-9999.9,1,-9999.9,1,-9999.9,1,-9999.9,1,-9999.9,1
1995,1,1,1,0,15,0.250,107.68,-5.9,0,0.2,0,-1.3,0,-9999.9,1,323.3,0,276.7,0,275.8,0,315.5,0,273.6,0,273.7,0,0.0,0,0.5,0,0.0,0,0.0,0,0.0,0,-9999.9,1,-9999.9,1,-9999.9,1,-9999.9,1,-9999.9,1
1995,1,1,1,0,18,0.300,108.23,-5.9,0,0.2,0,-1.2,0,-9999.9,1,323.4,0,276.7,0,275.7,0,315.2,0,273.6,0,273.7,0,0.0,0,0.5,0,0.0,0,0.0,0,0.0,0,-9999.9,1,-9999.9,1,-9999.9,1,-9999.9,1,-9999.9,1
1995,1,1,1,0,21,0.350,108.79,-5.8,0,0.2,0,-1.3,0,-9999.9,1,323.6,0,276.6,0,275.6,0,315.1,0,273.5,0,273.6,0,0.0,0,0.5,0,0.0,0,0.0,0,0.0,0,-9999.9,1,-9999.9,1,-9999.9,1,-9999.9,1,-9999.9,1
1995,1,1,1,0,24,0.400,109.34,-5.9,0,0.2,0,-1.3,0,-9999.9,1,323.1,0,276.5,0,275.6,0,315.0,0,273.5,0,273.6,0,0.0,0,0.5,0,0.0,0,0.0,0,0.0,0,-9999.9,1,-9999.9,1,-9999.9,1,-9999.9,1,-9999.9,1
1995,1,1,1,0,27,0.450,109.90,-5.8,0,0.2,0,-2.0,0,-9999.9,1,326.5,0,276.5,0,275.1,0,314.8,0,273.5,0,273.6,0,0.0,0,0.5,0,0.0,0,0.0,0,0.0,0,-9999.9,1,-9999.9,1,-9999.9,1,-9999.9,1,-9999.9,1
1995,1,1,1,0,30,0.500,110.46,-5.8,0,0.2,0,-1.6,0,-9999.9,1,323.0,0,276.4,0,275.4,0,314.7,0,273.4,0,273.5,0,0.0,0,0.5,0,0.0,0,0.0,0,0.0,0,-9999.9,1,-9999.9,1,-9999.9,1,-9999.9,1,-9999.9,1
1995,1,1,1,0,33,0.550,111.02,-5.9,0,0.2,0,-1.1,0,-9999.9,1,322.4,0,276.3,0,275.4,0,314.5,0,273.4,0,273.5,0,0.0,0,0.5,0,0.0,0,0.0,0,0.0,0,-9999.9,1,-9999.9,1,-9999.9,1,-9999.9,1,-9999.9,1
1995,1,1,1,0,36,0.600,111.58,-5.8,0,0.1,0,-1.0,0,-9999.9,1,322.5,0,276.3,0,275.4,0,314.5,0,273.4,0,273.5,0,0.0,0,0.5,0,0.0,0,0.0,0,0.0,0,-9999.9,1,-9999.9,1,-9999.9,1,-9999.9,1,-9999.9,1
1995,1,1,1,0,39,0.650,112.14,-5.8,0,0.1,0,-0.9,0,-9999.9,1,323.0,0,276.3,0,275.3,0,314.5,0,273.4,0,273.5,0,0.0,0,0.5,0,0.0,0,0.0,0,0.0,0,-9999.9,1,-9999.9,1,-9999.9,1,-9999.9,1,-9999.9,1
1995,1,1,1,0,42,0.700,112.70,-5.6,0,0.0,0,-0.9,0,-9999.9,1,324.5,0,276.2,0,275.0,0,314.5,0,273.3,0,273.4,0,0.0,0,0.5,0,0.0,0,0.0,0,0.0,0,-9999.9,1,-9999.9,1,-9999.9,1,-9999.9,1,-9999.9,1
1995,1,1,1,0,45,0.750,113.26,-5.7,0,0.1,0,-0.9,0,-9999.9,1,322.7,0,276.2,0,275.3,0,314.4,0,273.3,0,273.4,0,0.0,0,0.5,0,0.0,0,0.0,0,0.0,0,-9999.9,1,-9999.9,1,-9999.9,1,-9999.9,1,-9999.9,1
1995,1,1,1,0,48,0.800,113.82,-5.7,0,0.0,0,-0.8,0,-9999.9,1,323.4,0,276.2,0,275.2,0,314.4,0,273.3,0,273.4,0,0.0,0,0.5,0,0.0,0,0.0,0,0.0,0,-9999.9,1,-9999.9,1,-9999.9,1,-9999.9,1,-9999.9,1
1995,1,1,1,0,51,0.850,114.39,-5.7,0,0.0,0,-0.8,0,-9999.9,1,324.2,0,276.2,0,275.1,0,314.3,0,273.3,0,273.4,0,0.0,0,0.5,0,0.0,0,0.0,0,0.0,0,-9999.9,1,-9999.9,1,-9999.9,1,-9999.9,1,-9999.9,1
1995,1,1,1,0,54,0.900,114.95,-5.6,0,0.0,0,-0.9,0,-9999.9,1,324.3,0,276.1,0,275.0,0,314.2,0,273.3,0,273.4,0,0.0,0,0.5,0,0.0,0,0.0,0,0.0,0,-9999.9,1,-9999.9,1,-9999.9,1,-9999.9,1,-9999.9,1
1995,1,1,1,0,57,0.950,115.52,-5.5,0,0.0,0,-0.9,0,-9999.9,1,323.7,0,276.1,0,275.0,0,314.1,0,273.3,0,273.4,0,0.0,0,0.5,0,0.0,0,0.0,0,0.0,0,-9999.9,1,-9999.9,1,-9999.9,1,-9999.9,1,-9999.9,1
1995,1,1,1,1,0,1.000,116.08,-5.5,0,0.0,0,-0.8,0,-9999.9,1,323.4,0,276.1,0,275.0,0,314.2,0,273.2,0,273.3,0,0.0,0,0.5,0,0.0,0,0.0,0,0.0,0,-9999.9,1,-9999.9,1,-9999.9,1,-9999.9,1,-9999.9,1
1995,1,1,1,1,3,1.050,116.65,-4.5,0,0.0,0,-0.7,0,-9999.9,1,323.4,0,276.0,0,275.0,0,313.9,0,273.2,0,273.3,0,0.0,0,0.5,0,0.0,0,0.0,0,0.0,0,-9999.9,1,-9999.9,1,-9999.9,1,-9999.9,1,-9999.9,1
1995,1,1,1,1,6,1.100,117.22,-5.5,0,0.0,0,-0.7,0,-9999.9,1,323.2,0,276.0,0,275.0,0,313.8,0,273.2,0,273.3,0,0.0,0,0.5,0,0.0,0,0.0,0,0.0,0,-9999.9,1,-9999.9,1,-9999.9,1,-9999.9,1,-9999.9,1
1995,1,1,1,1,9,1.150,117.79,-5.5,0,0.0,0,-0.7,0,-9999.9,1,322.8,0,276.0,0,274.9,0,314.2,0,273.2,0,273.3,0,0.0,0,0.5,0,0.0,0,0.0,0,0.0,0,-9999.9,1,-9999.9,1,-9999.9,1,-9999.9,1,-9999.9,1
1995,1,1,1,1,12,1.200,118.35,-5.4,0,0.0,0,-0.7,0,-9999.9,1,323.5,0,276.0,0,274.9,0,314.1,0,273.2,0,273.3,0,0.0,0,0.5,0,0.0,0,0.0,0,0.0,0,-9999.9,1,-9999.9,1,-9999.9,1,-9999.9,1,-9999.9,1
1995,1,1,1,1,15,1.250,118.92,-5.1,0,0.0,0,-0.7,0,-9999.9,1,324.6,0,275.9,0,274.7,0,314.1,0,273.2,0,273.3,0,0.0,0,0.5,0,0.0,0,0.0,0,0.0,0,-9999.9,1,-9999.9,1,-9999.9,1,-9999.9,1,-9999.9,1
1995,1,1,1,1,18,1.300,119.49,-5.3,0,0.0,0,-0.7,0,-9999.9,1,323.7,0,275.9,0,274.7,0,314.0,0,273.2,0,273.3,0,0.0,0,0.5,0,0.0,0,0.0,0,0.0,0,-9999.9,1,-9999.9,1,-9999.9,1,-9999.9,1,-9999.9,1
1995,1,1,1,1,21,1.350,120.07,-5.4,0,-0.1,0,-0.7,0,-9999.9,1,326.0,0,275.9,0,274.6,0,314.1,0,273.2,0,273.3,0,0.0,0,0.5,0,0.0,0,0.0,0,0.0,0,-9999.9,1,-9999.9,1,-9999.9,1,-9999.9,1,-9999.9,1
1995,1,1,1,1,24,1.400,120.64,-5.4,0,0.0,0,-0.7,0,-9999.9,1,323.2,0,275.9,0,274.9,0,314.0,0,273.2,0,273.3,0,0.0,0,0.5,0,0.0,0,0.0,0,0.0,0,-9999.9,1,-9999.9,1,-9999.9,1,-9999.9,1,-9999.9,1
1995,1,1,1,1,27,1.450,121.21,-5.4,0,-0.1,0,-0.7,0,-9999.9,1,326.1,0,275.9,0,274.5,0,314.0,0,273.2,0,273.3,0,0.0,0,0.5,0,0.0,0,0.0,0,0.0,0,-9999.9,1,-9999.9,1,-9999.9,1,-9999.9,1,-9999.9,1
1995,1,1,1,1,30,1.500,121.78,-4.9,0,-0.1,0,-0.7,0,-9999.9,1,322.4,0,275.9,0,274.9,0,314.0,0,273.1,0,273.3,0,0.0,0,0.5,0,0.0,0,0.0,0,0.0,0,-9999.9,1,-9999.9,1,-9999.9,1,-9999.9,1,-9999.9,1
1995,1,1,1,1,33,1.550,122.35,-4.5,0,-0.1,0,-0.7,0,-9999.9,1,324.1,0,275.9,0,274.7,0,314.1,0,273.1,0,273.2,0,0.0,0,0.5,0,0.0,0,0.0,0,0.0,0,-9999.9,1,-9999.9,1,-9999.9,1,-9999.9,1,-9999.9,1
1995,1,1,1,1,36,1.600,122.92,-5.1,0,-0.1,0,-0.7,0,-9999.9,1,322.7,0,275.9,0,274.9,0,313.9,0,273.1,0,273.2,0,0.0,0,0.5,0,0.0,0,0.0,0,0.0,0,-9999.9,1,-9999.9,1,-9999.9,1,-9999.9,1,-9999.9,1
1995,1,1,1,1,39,1.650,123.50,-5.4,0,0.0,0,-0.7,0,-9999.9,1,322.2,0,275.9,0,274.9,0,313.9,0,273.1,0,273.2,0,0.0,0,0.5,0,0.0,0,0.0,0,0.0,0,-9999.9,1,-9999.9,1,-9999.9,1,-9999.9,1,-9999.9,1
1995,1,1,1,1,42,1.700,124.07,-5.4,0,0.0,0,-0.7,0,-9999.9,1,322.2,0,275.9,0,274.9,0,313.9,0,273.1,0,273.2,0,0.0,0,0.5,0,0.0,0,0.0,0,0.0,0,-9999.9,1,-9999.9,1,-9999.9,1,-9999.9,1,-9999.9,1
1995,1,1,1,1,45,1.750,124.64,-5.5,0,0.0,0,-0.7,0,-9999.9,1,320.1,0,276.0,0,275.1,0,313.9,0,273.1,0,273.2,0,0.0,0,0.5,0,0.0,0,0.0,0,0.0,0,-9999.9,1,-9999.9,1,-9999.9,1,-9999.9,1,-9999.9,1
1995,1,1,1,1,48,1.800,125.22,-5.4,0,0.0,0,-0.7,0,-9999.9,1,318.6,0,276.0,0,275.2,0,313.8,0,273.1,0,273.2,0,0.0,0,0.5,0,0.0,0,0.0,0,0.0,0,-9999.9,1,-9999.9,1,-9999.9,1,-9999.9,1,-9999.9,1
1995,1,1,1,1,51,1.850,125.79,-5.5,0,0.0,0,-0.7,0,-9999.9,1,319.3,0,276.0,0,275.2,0,313.9,0,273.1,0,273.2,0,0.0,0,0.5,0,0.0,0,0.0,0,0.0,0,-9999.9,1,-9999.9,1,-9999.9,1,-9999.9,1,-9999.9,1
1995,1,1,1,1,54,1.900,126.36,-5.5,0,0.0,0,-0.7,0,-9999.9,1,319.1,0,276.0,0,275.3,0,314.0,0,273.1,0,273.2,0,0.0,0,0.5,0,0.0,0,0.0,0,0.0,0,-9999.9,1,-9999.9,1,-9999.9,1,-9999.9,1,-9999.9,1
1995,1,1,1,1,57,1.950,126.94,-5.5,0,0.0,0,-0.8,0,-9999.9,1,318.7,0,276.0,0,275.3,0,313.6,0,273.1,0,273.2,0,0.0,0,0.5,0,0.0,0,0.0,0,0.0,0,-9999.9,1,-9999.9,1,-9999.9,1,-9999.9,1,-9999.9,1
1995,1,1,1,2,0,2.000,127.51,-5.7,0,0.0,0,-0.7,0,-9999.9,1,318.9,0,276.0,0,275.3,0,313.5,0,273.1,0,273.2,0,0.0,0,0.5,0,0.0,0,0.0,0,0.0,0,-9999.9,1,-9999.9,1,-9999.9,1,-9999.9,1,-9999.9,1
1995,1,1,1,2,3,2.050,128.08,-5.5,0,0.0,0,-0.9,0,-9999.9,1,318.9,0,276.0,0,275.3,0,313.6,0,273.0,0,273.1,0,0.0,0,0.5,0,0.0,0,0.0,0,0.0,0,-9999.9,1,-9999.9,1,-9999.9,1,-9999.9,1,-9999.9,1
1995,1,1,1,2,6,2.100,128.66,-5.7,0,-0.1,0,-0.8,0,-9999.9,1,318.6,0,276.0,0,275.3,0,314.1,0,273.0,0,273.1,0,0.0,0,0.5,0,0.0,0,0.0,0,0.0,0,-9999.9,1,-9999.9,1,-9999.9,1,-9999.9,1,-9999.9,1
1995,1,1,1,2,9,2.150,129.23,-5.5,0,-0.3,0,-1.0,0,-9999.9,1,318.5,0,276.0,0,275.4,0,313.2,0,273.0,0,273.2,0,0.0,0,0.5,0,0.0,0,0.0,0,0.0,0,-9999.9,1,-9999.9,1,-9999.9,1,-9999.9,1,-9999.9,1
1995,1,1,1,2,12,2.200,129.81,-5.9,0,-0.2,0,-0.7,0,-9999.9,1,318.3,0,276.0,0,275.4,0,314.1,0,273.0,0,273.1,0,0.0,0,0.5,0,0.0,0,0.0,0,0.0,0,-9999.9,1,-9999.9,1,-9999.9,1,-9999.9,1,-9999.9,1
1995,1,1,1,2,15,2.250,130.38,-5.8,0,-0.2,0,-0.8,0,-9999.9,1,317.8,0,276.0,0,275.4,0,313.7,0,273.0,0,273.1,0,0.0,0,0.5,0,0.0,0,0.0,0,0.0,0,-9999.9,1,-9999.9,1,-9999.9,1,-9999.9,1,-9999.9,1
1995,1,1,1,2,18,2.300,130.95,-5.9,0,-0.2,0,-0.8,0,-9999.9,1,317.2,0,276.0,0,275.4,0,313.7,0,273.0,0,273.1,0,0.0,0,0.5,0,0.0,0,0.0,0,0.0,0,-9999.9,1,-9999.9,1,-9999.9,1,-9999.9,1,-9999.9,1
1995,1,1,1,2,21,2.350,131.53,-5.8,0,-0.2,0,-0.9,0,-9999.9,1,317.1,0,276.0,0,275.4,0,313.4,0,273.0,0,273.1,0,0.0,0,0.5,0,0.0,0,0.0,0,0.0,0,-9999.9,1,-9999.9,1,-9999.9,1,-9999.9,1,-9999.9,1
1995,1,1,1,2,24,2.400,132.10,-5.9,0,-0.1,0,-0.8,0,-9999.9,1,316.8,0,276.1,0,275.4,0,313.8,0,273.0,0,273.1,0,0.0,0,0.5,0,0.0,0,0.0,0,0.0,0,-9999.9,1,-9999.9,1,-9999.9,1,-9999.9,1,-9999.9,1
1995,1,1,1,2,27,2.450,132.67,-5.8,0,-0.1,0,-0.9,0,-9999.9,1,315.7,0,276.1,0,275.4,0,313.6,0,273.0,0,273.1,0,0.0,0,0.5,0,0.0,0,0.0,0,0.0,0,-9999.9,1,-9999.9,1,-9999.9,1,-9999.9,1,-9999.9,1
1995,1,1,1,2,30,2.500,133.24,-6.2,0,-0.2,0,-0.9,0,-9999.9,1,313.5,0,276.1,0,275.5,0,313.3,0,273.0,0,273.1,0,0.0,0,0.5,0,0.0,0,0.0,0,0.0,0,-9999.9,1,-9999.9,1,-9999.9,1,-9999.9,1,-9999.9,1
1995,1,1,1,2,33,2.550,133.81,-6.2,0,-0.2,0,-0.9,0,-9999.9,1,311.6,0,276.1,0,275.5,0,313.7,0,273.0,0,273.1,0,0.0,0,0.4,0,0.0,0,-2.1,0,-2.1,0,-9999.9,1,-9999.9,1,-9999.9,1,-9999.9,1,-9999.9,1
1995,1,1,1,2,36,2.600,134.38,-6.1,0,-0.2,0,-1.0,0,-9999.9,1,307.1,0,276.1,0,275.4,0,313.2,0,273.0,0,273.1,0,0.0,0,0.5,0,0.0,0,-6.1,0,-6.1,0,-9999.9,1,-9999.9,1,-9999.9,1,-9999.9,1,-9999.9,1
1995,1,1,1,2,39,2.650,134.95,-6.3,0,-0.2,0,-0.8,0,-9999.9,1,306.5,0,276.1,0,275.4,0,312.8,0,272.9,0,273.0,0,0.0,0,0.6,0,0.0,0,-6.3,0,-6.3,0,-9999.9,1,-9999.9,1,-9999.9,1,-9999.9,1,-9999.9,1
1995,1,1,1,2,42,2.700,135.52,-6.4,0,-0.3,0,-0.7,0,-9999.9,1,315.0,0,276.1,0,275.4,0,313.5,0,273.0,0,273.0,0,0.0,0,0.5,0,0.0,0,0.0,0,0.0,0,-9999.9,1,-9999.9,1,-9999.9,1,-9999.9,1,-9999.9,1
1995,1,1,1,2,45,2.750,136.09,-6.2,0,-0.3,0,-0.8,0,-9999.9,1,317.9,0,276.1,0,275.5,0,313.4,0,272.9,0,273.0,0,0.0,0,0.5,0,0.0,0,0.0,0,0.0,0,-9999.9,1,-9999.9,1,-9999.9,1,-9999.9,1,-9999.9,1
1995,1,1,1,2,48,2.800,136.66,-6.2,0,-0.3,0,-0.8,0,-9999.9,1,318.1,0,276.1,0,275.5,0,313.5,0,272.9,0,273.0,0,0.0,0,0.5,0,0.0,0,0.0,0,0.0,0,-9999.9,1,-9999.9,1,-9999.9,1,-9999.9,1,-9999.9,1
1995,1,1,1,2,51,2.850,137.23,-6.3,0,-0.3,0,-0.7,0,-9999.9,1,317.8,0,276.1,0,275.5,0,313.4,0,272.9,0,273.0,0,0.0,0,0.5,0,0.0,0,0.0,0,0.0,0,-9999.9,1,-9999.9,1,-9999.9,1,-9999.9,1,-9999.9,1
1995,1,1,1,2,54,2.900,137.79,-6.3,0,-0.3,0,-0.8,0,-9999.9,1,317.6,0,276.1,0,275.5,0,313.4,0,272.9,0,273.0,0,0.0,0,0.5,0,0.0,0,0.0,0,0.0,0,-9999.9,1,-9999.9,1,-9999.9,1,-9999.9,1,-9999.9,1
1995,1,1,1,2,57,2.950,138.36,-6.5,0,-0.2,0,-0.7,0,-9999.9,1,317.7,0,276.2,0,275.6,0,313.3,0,272.9,0,273.0,0,0.0,0,0.6,0,0.0,0,0.0,0,0.0,0,-9999.9,1,-9999.9,1,-9999.9,1,-9999.9,1,-9999.9,1
1995,1,1,1,3,0,3.000,138.92,-6.3,0,-0.2,0,-0.6,0,-9999.9,1,317.5,0,276.2,0,275.6,0,313.3,0,273.0,0,273.1,0,0.0,0,0.5,0,0.0,0,0.0,0,0.0,0,-9999.9,1,-9999.9,1,-9999.9,1,-9999.9,1,-9999.9,1
1995,1,1,1,3,3,3.050,139.49,-6.7,0,-0.2,0,-0.7,0,-9999.9,1,317.5,0,276.2,0,275.6,0,313.3,0,272.9,0,273.1,0,0.0,0,0.5,0,0.0,0,0.0,0,0.0,0,-9999.9,1,-9999.9,1,-9999.9,1,-9999.9,1,-9999.9,1
1995,1,1,1,3,6,3.100,140.05,-6.0,0,-0.2,0,-1.0,0,-9999.9,1,317.3,0,276.2,0,275.6,0,313.4,0,272.9,0,273.0,0,0.0,0,0.5,0,0.0,0,0.0,0,0.0,0,-9999.9,1,-9999.9,1,-9999.9,1,-9999.9,1,-9999.9,1
1995,1,1,1,3,9,3.150,140.61,-6.4,0,-0.2,0,-0.7,0,-9999.9,1,317.0,0,276.2,0,275.6,0,313.2,0,272.9,0,273.0,0,0.0,0,0.5,0,0.0,0,0.0,0,0.0,0,-9999.9,1,-9999.9,1,-9999.9,1,-9999.9,1,-9999.9,1
1995,1,1,1,3,12,3.200,141.17,-6.2,0,-0.2,0,-0.8,0,-9999.9,1,316.6,0,276.2,0,275.5,0,313.6,0,273.0,0,273.1,0,0.0,0,0.5,0,0.0,0,0.0,0,0.0,0,-9999.9,1,-9999.9,1,-9999.9,1,-9999.9,1,-9999.9,1
1995,1,1,1,3,15,3.250,141.73,-6.1,0,-0.2,0,-0.9,0,-9999.9,1,316.7,0,276.1,0,275.5,0,313.5,0,272.9,0,273.0,0,0.0,0,0.5,0,0.0,0,0.0,0,0.0,0,-9999.9,1,-9999.9,1,-9999.9,1,-9999.9,1,-9999.9,1
1995,1,1,1,3,18,3.300,142.28,-6.6,0,-0.2,0,-0.8,0,-9999.9,1,316.5,0,276.1,0,275.5,0,313.8,0,273.0,0,273.0,0,0.0,0,0.4,0,0.0,0,0.0,0,0.0,0,-9999.9,1,-9999.9,1,-9999.9,1,-9999.9,1,-9999.9,1
1995,1,1,1,3,21,3.350,142.84,-6.2,0,-0.2,0,-0.9,0,-9999.9,1,316.4,0,276.1,0,275.5,0,313.4,0,272.9,0,273.0,0,0.0,0,0.5,0,0.0,0,0.0,0,0.0,0,-9999.9,1,-9999.9,1,-9999.9,1,-9999.9,1,-9999.9,1
1995,1,1,1,3,24,3.400,143.39,-6.2,0,-0.2,0,-0.9,0,-9999.9,1,316.2,0,276.1,0,275.5,0,313.3,0,272.9,0,273.0,0,0.0,0,0.5,0,0.0,0,0.0,0,0.0,0,-9999.9,1,-9999.9,1,-9999.9,1,-9999.9,1,-9999.9,1
1995,1,1,1,3,27,3.450,143.94,-6.2,0,-0.2,0,-1.0,0,-9999.9,1,316.1,0,276.1,0,275.5,0,313.3,0,272.9,0,273.0,0,0.0,0,0.5,0,0.0,0,0.0,0,0.0,0,-9999.9,1,-9999.9,1,-9999.9,1,-9999.9,1,-9999.9,1
1995,1,1,1,3,30,3.500,144.49,-6.3,0,-0.1,0,-0.8,0,-9999.9,1,315.9,0,276.1,0,275.5,0,313.2,0,272.9,0,273.0,0,0.0,0,0.5,0,0.0,0,0.0,0,0.0,0,-9999.9,1,-9999.9,1,-9999.9,1,-9999.9,1,-9999.9,1
1995,1,1,1,3,33,3.550,145.04,-6.1,0,-0.2,0,-0.9,0,-9999.9,1,315.9,0,276.1,0,275.5,0,313.3,0,272.9,0,273.0,0,0.0,0,0.5,0,0.0,0,0.0,0,0.0,0,-9999.9,1,-9999.9,1,-9999.9,1,-9999.9,1,-9999.9,1
1995,1,1,1,3,36,3.600,145.58,-6.1,0,-0.2,0,-0.8,0,-9999.9,1,315.8,0,276.1,0,275.5,0,313.4,0,272.9,0,273.0,0,0.0,0,0.5,0,0.0,0,0.0,0,0.0,0,-9999.9,1,-9999.9,1,-9999.9,1,-9999.9,1,-9999.9,1
1995,1,1,1,3,39,3.650,146.12,-5.9,0,-0.2,0,-0.8,0,-9999.9,1,315.9,0,276.1,0,275.5,0,313.3,0,272.9,0,273.0,0,0.0,0,0.5,0,0.0,0,0.0,0,0.0,0,-9999.9,1,-9999.9,1,-9999.9,1,-9999.9,1,-9999.9,1
1995,1,1,1,3,42,3.700,146.66,-5.9,0,-0.2,0,-0.8,0,-9999.9,1,315.6,0,276.1,0,275.5,0,313.3,0,272.9,0,273.0,0,0.0,0,0.5,0,0.0,0,0.0,0,0.0,0,-9999.9,1,-9999.9,1,-9999.9,1,-9999.9,1,-9999.9,1
1995,1,1,1,3,45,3.750,147.20,-5.9,0,-0.2,0,-0.8,0,-9999.9,1,315.7,0,276.1,0,275.5,0,313.3,0,272.9,0,273.0,0,0.0,0,0.5,0,0.0,0,0.0,0,0.0,0,-9999.9,1,-9999.9,1,-9999.9,1,-9999.9,1,-9999.9,1
1995,1,1,1,3,48,3.800,147.73,-5.9,0,-0.1,0,-0.8,0,-9999.9,1,315.6,0,276.1,0,275.5,0,313.4,0,272.9,0,273.0,0,0.0,0,0.5,0,0.0,0,0.0,0,0.0,0,-9999.9,1,-9999.9,1,-9999.9,1,-9999.9,1,-9999.9,1
1995,1,1,1,3,51,3.850,148.26,-6.1,0,-0.2,0,-0.7,0,-9999.9,1,315.6,0,276.1,0,275.5,0,313.2,0,272.9,0,273.0,0,0.0,0,0.5,0,0.0,0,0.0,0,0.0,0,-9999.9,1,-9999.9,1,-9999.9,1,-9999.9,1,-9999.9,1
1995,1,1,1,3,54,3.900,148.79,-6.0,0,-0.2,0,-0.8,0,-9999.9,1,315.5,0,276.1,0,275.5,0,313.3,0,272.9,0,273.0,0,0.0,0,0.5,0,0.0,0,0.0,0,0.0,0,-9999.9,1,-9999.9,1,-9999.9,1,-9999.9,1,-9999.9,1
1995,1,1,1,3,57,3.950,149.32,-5.9,0,-0.1,0,-0.8,0,-9999.9,1,315.4,0,276.1,0,275.5,0,313.3,0,272.9,0,273.0,0,0.0,0,0.5,0,0.0,0,0.0,0,0.0,0,-9999.9,1,-9999.9,1,-9999.9,1,-9999.9,1,-9999.9,1
1995,1,1,1,4,0,4.000,149.84,-6.4,0,-0.1,0,-0.6,0,-9999.9,1,315.2,0,276.1,0,275.5,0,313.6,0,272.9,0,273.0,0,0.0,0,0.4,0,0.0,0,0.0,0,0.0,0,-9999.9,1,-9999.9,1,-9999.9,1,-9999.9,1,-9999.9,1
1995,1,1,1,4,3,4.050,150.35,-6.1,0,-0.1,0,-0.8,0,-9999.9,1,315.3,0,276.1,0,275.5,0,313.4,0,272.9,0,273.0,0,0.0,0,0.5,0,0.0,0,0.0,0,0.0,0,-9999.9,1,-9999.9,1,-9999.9,1,-9999.9,1,-9999.9,1
1995,1,1,1,4,6,4.100,150.87,-6.3,0,-0.1,0,-0.8,0,-9999.9,1,315.2,0,276.1,0,275.5,0,313.6,0,272.9,0,273.0,0,0.0,0,0.4,0,0.0,0,0.0,0,0.0,0,-9999.9,1,-9999.9,1,-9999.9,1,-9999.9,1,-9999.9,1
1995,1,1,1,4,9,4.150,151.37,-6.6,0,-0.1,0,-0.7,0,-9999.9,1,315.2,0,276.1,0,275.5,0,313.8,0,272.9,0,273.0,0,0.0,0,0.4,0,0.0,0,0.0,0,0.0,0,-9999.9,1,-9999.9,1,-9999.9,1,-9999.9,1,-9999.9,1
1995,1,1,1,4,12,4.200,151.88,-5.9,0,-0.1,0,-0.9,0,-9999.9,1,315.3,0,276.1,0,275.5,0,313.1,0,272.9,0,273.0,0,0.0,0,0.5,0,0.0,0,0.0,0,0.0,0,-9999.9,1,-9999.9,1,-9999.9,1,-9999.9,1,-9999.9,1
1995,1,1,1,4,15,4.250,152.37,-6.2,0,-0.1,0,-0.8,0,-9999.9,1,315.2,0,276.1,0,275.5,0,313.2,0,272.9,0,273.0,0,0.0,0,0.5,0,0.0,0,0.0,0,0.0,0,-9999.9,1,-9999.9,1,-9999.9,1,-9999.9,1,-9999.9,1
1995,1,1,1,4,18,4.300,152.87,-6.4,0,-0.1,0,-0.5,0,-9999.9,1,315.2,0,276.1,0,275.5,0,312.8,0,272.9,0,273.0,0,0.0,0,0.5,0,0.0,0,0.0,0,0.0,0,-9999.9,1,-9999.9,1,-9999.9,1,-9999.9,1,-9999.9,1
1995,1,1,1,4,21,4.350,153.36,-6.4,0,0.0,0,-0.6,0,-9999.9,1,315.1,0,276.1,0,275.5,0,313.1,0,272.9,0,273.0,0,0.0,0,0.5,0,0.0,0,0.0,0,0.0,0,-9999.9,1,-9999.9,1,-9999.9,1,-9999.9,1,-9999.9,1
1995,1,1,1,4,24,4.400,153.84,-5.9,0,0.0,0,-0.8,0,-9999.9,1,315.2,0,276.1,0,275.5,0,313.2,0,272.9,0,273.0,0,0.0,0,0.5,0,0.0,0,0.0,0,0.0,0,-9999.9,1,-9999.9,1,-9999.9,1,-9999.9,1,-9999.9,1
1995,1,1,1,4,27,4.450,154.31,-6.2,0,0.0,0,-0.8,0,-9999.9,1,315.1,0,276.1,0,275.5,0,313.4,0,272.9,0,273.0,0,0.0,0,0.5,0,0.0,0,0.0,0,0.0,0,-9999.9,1,-9999.9,1,-9999.9,1,-9999.9,1,-9999.9,1
1995,1,1,1,4,30,4.500,154.78,-6.2,0,0.0,0,-0.7,0,-9999.9,1,315.2,0,276.1,0,275.5,0,313.5,0,272.9,0,273.0,0,0.0,0,0.5,0,0.0,0,0.0,0,0.0,0,-9999.9,1,-9999.9,1,-9999.9,1,-9999.9,1,-9999.9,1
1995,1,1,1,4,33,4.550,155.24,-6.8,0,0.0,0,-0.5,0,-9999.9,1,315.3,0,276.1,0,275.5,0,313.7,0,272.9,0,273.0,0,0.0,0,0.4,0,0.0,0,0.0,0,0.0,0,-9999.9,1,-9999.9,1,-9999.9,1,-9999.9,1,-9999.9,1
1995,1,1,1,4,36,4.600,155.70,-6.3,0,0.0,0,-0.7,0,-9999.9,1,315.2,0,276.1,0,275.5,0,313.3,0,272.9,0,273.0,0,0.0,0,0.5,0,0.0,0,0.0,0,0.0,0,-9999.9,1,-9999.9,1,-9999.9,1,-9999.9,1,-9999.9,1
1995,1,1,1,4,39,4.650,156.14,-6.0,0,0.0,0,-0.8,0,-9999.9,1,315.0,0,276.1,0,275.5,0,313.2,0,272.9,0,273.0,0,0.0,0,0.5,0,0.0,0,0.0,0,0.0,0,-9999.9,1,-9999.9,1,-9999.9,1,-9999.9,1,-9999.9,1
1995,1,1,1,4,42,4.700,156.58,-6.4,0,0.0,0,-0.7,0,-9999.9,1,315.1,0,276.1,0,275.5,0,313.7,0,272.9,0,273.0,0,0.0,0,0.5,0,0.0,0,0.0,0,0.0,0,-9999.9,1,-9999.9,1,-9999.9,1,-9999.9,1,-9999.9,1
1995,1,1,1,4,45,4.750,157.01,-5.8,0,0.0,0,-0.8,0,-9999.9,1,315.1,0,276.1,0,275.5,0,313.6,0,272.9,0,273.0,0,0.0,0,0.5,0,0.0,0,0.0,0,0.0,0,-9999.9,1,-9999.9,1,-9999.9,1,-9999.9,1,-9999.9,1
1995,1,1,1,4,48,4.800,157.43,-6.8,0,0.0,0,-0.4,0,-9999.9,1,314.8,0,276.1,0,275.5,0,312.7,0,272.9,0,273.0,0,0.0,0,0.5,0,0.0,0,0.0,0,0.0,0,-9999.9,1,-9999.9,1,-9999.9,1,-9999.9,1,-9999.9,1
1995,1,1,1,4,51,4.850,157.84,-5.9,0,0.0,0,-0.9,0,-9999.9,1,314.9,0,276.1,0,275.5,0,313.5,0,272.9,0,273.0,0,0.0,0,0.5,0,0.0,0,0.0,0,0.0,0,-9999.9,1,-9999.9,1,-9999.9,1,-9999.9,1,-9999.9,1
1995,1,1,1,4,54,4.900,158.24,-5.8,0,0.1,0,-0.8,0,-9999.9,1,314.8,0,276.1,0,275.5,0,313.3,0,272.9,0,273.0,0,0.0,0,0.5,0,0.0,0,0.0,0,0.0,0,-9999.9,1,-9999.9,1,-9999.9,1,-9999.9,1,-9999.9,1
1995,1,1,1,4,57,4.950,158.63,-6.4,0,0.0,0,-0.9,0,-9999.9,1,314.6,0,276.1,0,275.5,0,313.3,0,272.9,0,273.0,0,0.0,0,0.5,0,0.0,0,0.0,0,0.0,0,-9999.9,1,-9999.9,1,-9999.9,1,-9999.9,1,-9999.9,1
1995,1,1,1,5,0,5.000,159.01,-6.2,0,0.1,0,-0.8,0,-9999.9,1,314.5,0,276.1,0,275.5,0,313.0,0,272.9,0,273.0,0,0.0,0,0.5,0,0.0,0,0.0,0,0.0,0,-9999.9,1,-9999.9,1,-9999.9,1,-9999.9,1,-9999.9,1
1995,1,1,1,5,3,5.050,159.37,-6.6,0,0.1,0,-0.6,0,-9999.9,1,314.3,0,276.1,0,275.5,0,312.9,0,272.9,0,273.0,0,0.0,0,0.5,0,0.0,0,0.0,0,0.0,0,-9999.9,1,-9999.9,1,-9999.9,1,-9999.9,1,-9999.9,1
1995,1,1,1,5,6,5.100,159.72,-5.7,0,0.1,0,-0.9,0,-9999.9,1,314.5,0,276.1,0,275.5,0,313.0,0,272.9,0,273.0,0,0.0,0,0.5,0,0.0,0,0.0,0,0.0,0,-9999.9,1,-9999.9,1,-9999.9,1,-9999.9,1,-9999.9,1
1995,1,1,1,5,9,5.150,160.06,-6.5,0,0.1,0,-0.8,0,-9999.9,1,314.6,0,276.1,0,275.5,0,313.2,0,272.9,0,273.0,0,0.0,0,0.5,0,0.0,0,0.0,0,0.0,0,-9999.9,1,-9999.9,1,-9999.9,1,-9999.9,1,-9999.9,1
1995,1,1,1,5,12,5.200,160.38,-6.2,0,0.1,0,-0.8,0,-9999.9,1,314.7,0,276.0,0,275.5,0,313.1,0,272.9,0,273.0,0,0.0,0,0.5,0,0.0,0,0.0,0,0.0,0,-9999.9,1,-9999.9,1,-9999.9,1,-9999.9,1,-9999.9,1
1995,1,1,1,5,15,5.250,160.69,-6.3,0,0.1,0,-0.8,0,-9999.9,1,315.3,0,276.0,0,275.4,0,313.1,0,272.9,0,273.0,0,0.0,0,0.5,0,0.0,0,0.0,0,0.0,0,-9999.9,1,-9999.9,1,-9999.9,1,-9999.9,1,-9999.9,1
1995,1,1,1,5,18,5.300,160.98,-5.7,0,0.0,0,-1.0,0,-9999.9,1,315.3,0,276.0,0,275.4,0,313.1,0,272.9,0,273.0,0,0.0,0,0.5,0,0.0,0,0.0,0,0.0,0,-9999.9,1,-9999.9,1,-9999.9,1,-9999.9,1,-9999.9,1
1995,1,1,1,5,21,5.350,161.26,-5.9,0,0.0,0,-0.8,0,-9999.9,1,315.0,0,276.0,0,275.4,0,313.3,0,272.9,0,273.0,0,0.0,0,0.5,0,0.0,0,0.0,0,0.0,0,-9999.9,1,-9999.9,1,-9999.9,1,-9999.9,1,-9999.9,1
1995,1,1,1,5,24,5.400,161.51,-5.7,0,0.0,0,-1.0,0,-9999.9,1,314.9,0,276.0,0,275.4,0,313.1,0,272.9,0,273.0,0,0.0,0,0.5,0,0.0,0,0.0,0,0.0,0,-9999.9,1,-9999.9,1,-9999.9,1,-9999.9,1,-9999.9,1
1995,1,1,1,5,27,5.450,161.75,-6.7,0,0.1,0,-0.5,0,-9999.9,1,314.7,0,276.0,0,275.4,0,312.9,0,272.9,0,273.0,0,0.0,0,0.5,0,0.0,0,0.0,0,0.0,0,-9999.9,1,-9999.9,1,-9999.9,1,-9999.9,1,-9999.9,1
1995,1,1,1,5,30,5.500,161.97,-5.4,0,0.0,0,-0.9,0,-9999.9,1,314.5,0,276.0,0,275.4,0,313.2,0,272.9,0,273.0,0,0.0,0,0.5,0,0.0,0,0.0,0,0.0,0,-9999.9,1,-9999.9,1,-9999.9,1,-9999.9,1,-9999.9,1
1995,1,1,1,5,33,5.550,162.17,-6.5,0,0.1,0,-0.6,0,-9999.9,1,314.5,0,276.0,0,275.4,0,313.2,0,272.9,0,273.0,0,0.0,0,0.5,0,0.0,0,0.0,0,0.0,0,-9999.9,1,-9999.9,1,-9999.9,1,-9999.9,1,-9999.9,1
1995,1,1,1,5,36,5.600,162.35,-5.5,0,0.0,0,-0.8,0,-9999.9,1,314.5,0,276.0,0,275.4,0,313.0,0,272.9,0,273.0,0,0.0,0,0.5,0,0.0,0,0.0,0,0.0,0,-9999.9,1,-9999.9,1,-9999.9,1,-9999.9,1,-9999.9,1
1995,1,1,1,5,39,5.650,162.51,-5.7,0,0.1,0,-1.1,0,-9999.9,1,314.5,0,276.0,0,275.4,0,312.6,0,272.8,0,272.9,0,0.0,0,0.5,0,0.0,0,0.0,0,0.0,0,-9999.9,1,-9999.9,1,-9999.9,1,-9999.9,1,-9999.9,1
1995,1,1,1,5,42,5.700,162.64,-6.3,0,0.1,0,-0.9,0,-9999.9,1,314.4,0,276.0,0,275.4,0,312.8,0,272.8,0,272.9,0,0.0,0,0.5,0,0.0,0,0.0,0,0.0,0,-9999.9,1,-9999.9,1,-9999.9,1,-9999.9,1,-9999.9,1
1995,1,1,1,5,45,5.750,162.76,-7.2,0,0.3,0,-0.8,0,-9999.9,1,314.0,0,276.0,0,275.3,0,312.1,0,272.8,0,272.9,0,0.0,0,0.5,0,0.0,0,0.0,0,0.0,0,-9999.9,1,-9999.9,1,-9999.9,1,-9999.9,1,-9999.9,1
1995,1,1,1,5,48,5.800,162.85,-5.6,0,0.2,0,-1.0,0,-9999.9,1,313.5,0,275.9,0,275.3,0,312.9,0,272.8,0,272.9,0,0.0,0,0.5,0,0.0,0,0.0,0,0.0,0,-9999.9,1,-9999.9,1,-9999.9,1,-9999.9,1,-9999.9,1
1995,1,1,1,5,51,5.850,162.92,-5.5,0,0.3,0,-1.2,0,-9999.9,1,313.0,0,275.9,0,275.3,0,312.5,0,272.8,0,272.9,0,0.0,0,0.5,0,0.0,0,0.0,0,0.0,0,-9999.9,1,-9999.9,1,-9999.9,1,-9999.9,1,-9999.9,1
1995,1,1,1,5,54,5.900,162.96,-5.4,0,0.3,0,-1.2,0,-9999.9,1,313.2,0,275.9,0,275.3,0,312.8,0,272.7,0,272.8,0,0.0,0,0.5,0,0.0,0,0.0,0,0.0,0,-9999.9,1,-9999.9,1,-9999.9,1,-9999.9,1,-9999.9,1
1995,1,1,1,5,57,5.950,162.99,-6.1,0,0.2,0,-1.1,0,-9999.9,1,313.1,0,275.9,0,275.3,0,312.5,0,272.7,0,272.8,0,0.0,0,0.5,0,0.0,0,0.0,0,0.0,0,-9999.9,1,-9999.9,1,-9999.9,1,-9999.9,1,-9999.9,1
1995,1,1,1,6,0,6.000,162.98,-6.2,0,0.3,0,-1.1,0,-9999.9,1,312.8,0,275.9,0,275.3,0,312.2,0,272.7,0,272.8,0,0.0,0,0.5,0,0.0,0,0.0,0,0.0,0,-9999.9,1,-9999.9,1,-9999.9,1,-9999.9,1,-9999.9,1
1995,1,1,1,6,3,6.050,162.96,-6.0,0,0.3,0,-1.2,0,-9999.9,1,312.3,0,275.8,0,275.3,0,312.2,0,272.6,0,272.7,0,0.0,0,0.5,0,0.0,0,0.0,0,0.0,0,-9999.9,1,-9999.9,1,-9999.9,1,-9999.9,1,-9999.9,1
1995,1,1,1,6,6,6.100,162.91,-5.6,0,0.3,0,-1.4,0,-9999.9,1,312.2,0,275.8,0,275.2,0,312.0,0,272.6,0,272.7,0,0.0,0,0.5,0,0.0,0,0.0,0,0.0,0,-9999.9,1,-9999.9,1,-9999.9,1,-9999.9,1,-9999.9,1
1995,1,1,1,6,9,6.150,162.84,-5.8,0,0.4,0,-1.4,0,-9999.9,1,312.0,0,275.8,0,275.1,0,311.7,0,272.5,0,272.6,0,0.0,0,0.5,0,0.0,0,0.0,0,0.0,0,-9999.9,1,-9999.9,1,-9999.9,1,-9999.9,1,-9999.9,1
1995,1,1,1,6,12,6.200,162.74,-5.8,0,0.4,0,-1.3,0,-9999.9,1,311.8,0,275.7,0,275.1,0,311.5,0,272.5,0,272.6,0,0.0,0,0.5,0,0.0,0,0.0,0,0.0,0,-9999.9,1,-9999.9,1,-9999.9,1,-9999.9,1,-9999.9,1
1995,1,1,1,6,15,6.250,162.62,-5.6,0,0.3,0,-1.2,0,-9999.9,1,311.6,0,275.7,0,275.1,0,311.3,0,272.4,0,272.5,0,0.0,0,0.5,0,0.0,0,0.0,0,0.0,0,-9999.9,1,-9999.9,1,-9999.9,1,-9999.9,1,-9999.9,1
1995,1,1,1,6,18,6.300,162.48,-5.7,0,0.2,0,-1.3,0,-9999.9,1,311.7,0,275.6,0,275.0,0,311.3,0,272.4,0,272.5,0,0.0,0,0.5,0,0.0,0,0.0,0,0.0,0,-9999.9,1,-9999.9,1,-9999.9,1,-9999.9,1,-9999.9,1
1995,1,1,1,6,21,6.350,162.32,-5.7,0,0.1,0,-1.0,0,-9999.9,1,311.4,0,275.6,0,275.0,0,311.4,0,272.4,0,272.5,0,0.0,0,0.5,0,0.0,0,0.0,0,0.0,0,-9999.9,1,-9999.9,1,-9999.9,1,-9999.9,1,-9999.9,1
1995,1,1,1,6,24,6.400,162.14,-5.8,0,0.0,0,-0.8,0,-9999.9,1,311.3,0,275.6,0,275.0,0,311.3,0,272.4,0,272.5,0,0.0,0,0.5,0,0.0,0,0.0,0,0.0,0,-9999.9,1,-9999.9,1,-9999.9,1,-9999.9,1,-9999.9,1
1995,1,1,1,6,27,6.450,161.94,-5.7,0,0.0,0,-0.9,0,-9999.9,1,311.3,0,275.6,0,275.0,0,311.4,0,272.3,0,272.4,0,0.0,0,0.5,0,0.0,0,0.0,0,0.0,0,-9999.9,1,-9999.9,1,-9999.9,1,-9999.9,1,-9999.9,1
1995,1,1,1,6,30,6.500,161.71,-5.7,0,0.1,0,-1.0,0,-9999.9,1,311.3,0,275.5,0,275.0,0,311.3,0,272.3,0,272.4,0,0.0,0,0.5,0,0.0,0,0.0,0,0.0,0,-9999.9,1,-9999.9,1,-9999.9,1,-9999.9,1,-9999.9,1
1995,1,1,1,6,33,6.550,161.47,-5.6,0,0.2,0,-0.8,0,-9999.9,1,311.2,0,275.5,0,274.9,0,311.0,0,272.3,0,272.4,0,0.0,0,0.5,0,0.0,0,0.0,0,0.0,0,-9999.9,1,-9999.9,1,-9999.9,1,-9999.9,1,-9999.9,1
1995,1,1,1,6,36,6.600,161.21,-5.5,0,0.2,0,-1.0,0,-9999.9,1,310.7,0,275.5,0,274.9,0,310.7,0,272.2,0,272.3,0,0.0,0,0.5,0,0.0,0,0.0,0,0.0,0,-9999.9,1,-9999.9,1,-9999.9,1,-9999.9,1,-9999.9,1
1995,1,1,1,6,39,6.650,160.93,-5.5,0,0.2,0,-1.2,0,-9999.9,1,310.7,0,275.5,0,274.8,0,310.7,0,272.2,0,272.3,0,0.0,0,0.5,0,0.0,0,-0.1,0,-0.1,0,-9999.9,1,-9999.9,1,-9999.9,1,-9999.9,1,-9999.9,1
1995,1,1,1,6,42,6.700,160.64,-5.5,0,0.3,0,-1.1,0,-9999.9,1,310.4,0,275.4,0,274.8,0,310.6,0,272.2,0,272.3,0,0.0,0,0.5,0,0.0,0,-0.2,0,-0.2,0,-9999.9,1,-9999.9,1,-9999.9,1,-9999.9,1,-9999.9,1
1995,1,1,1,6,45,6.750,160.33,-5.8,0,0.2,0,-1.2,0,-9999.9,1,310.2,0,275.4,0,274.8,0,310.5,0,272.1,0,272.2,0,0.0,0,0.5,0,0.0,0,-0.3,0,-0.3,0,-9999.9,1,-9999.9,1,-9999.9,1,-9999.9,1,-9999.9,1
1995,1,1,1,6,48,6.800,160.00,-5.9,0,0.1,0,-0.9,0,-9999.9,1,310.3,0,275.3,0,274.8,0,310.8,0,272.1,0,272.2,0,0.0,0,0.5,0,0.0,0,-0.5,0,-0.5,0,-9999.9,1,-9999.9,1,-9999.9,1,-9999.9,1,-9999.9,1
1995,1,1,1,6,51,6.850,159.66,-5.7,0,0.1,0,-0.7,0,-9999.9,1,310.2,0,275.3,0,274.7,0,310.3,0,272.1,0,272.2,0,0.0,0,0.5,0,0.0,0,-0.1,0,-0.1,0,-9999.9,1,-9999.9,1,-9999.9,1,-9999.9,1,-9999.9,1
1995,1,1,1,6,54,6.900,159.31,-5.6,0,0.1,0,-0.9,0,-9999.9,1,309.9,0,275.3,0,274.7,0,310.8,0,272.1,0,272.2,0,0.0,0,0.5,0,0.0,0,-0.9,0,-0.9,0,-9999.9,1,-9999.9,1,-9999.9,1,-9999.9,1,-9999.9,1
1995,1,1,1,6,57,6.950,158.95,-5.6,0,0.2,0,-0.7,0,-9999.9,1,309.6,0,275.3,0,274.6,0,310.2,0,272.1,0,272.2,0,0.0,0,0.5,0,0.0,0,-0.6,0,-0.6,0,-9999.9,1,-9999.9,1,-9999.9,1,-9999.9,1,-9999.9,1
1995,1,1,1,7,0,7.000,158.57,-5.7,0,0.2,0,-0.6,0,-9999.9,1,309.0,0,275.2,0,274.7,0,310.1,0,272.0,0,272.1,0,0.0,0,0.5,0,0.0,0,-1.1,0,-1.1,0,-9999.9,1,-9999.9,1,-9999.9,1,-9999.9,1,-9999.9,1
1995,1,1,1,7,3,7.050,158.18,-5.6,0,0.1,0,-0.2,0,-9999.9,1,309.1,0,275.2,0,274.6,0,309.9,0,272.0,0,272.2,0,0.0,0,0.5,0,0.0,0,-0.8,0,-0.8,0,-9999.9,1,-9999.9,1,-9999.9,1,-9999.9,1,-9999.9,1
1995,1,1,1,7,6,7.100,157.77,-5.4,0,0.1,0,-0.2,0,-9999.9,1,308.9,0,275.2,0,274.6,0,309.8,0,272.0,0,272.1,0,0.0,0,0.6,0,0.0,0,-0.9,0,-0.9,0,-9999.9,1,-9999.9,1,-9999.9,1,-9999.9,1,-9999.9,1
1995,1,1,1,7,9,7.150,157.36,-5.8,0,0.2,0,-0.3,0,-9999.9,1,308.7,0,275.2,0,274.6,0,310.2,0,272.0,0,272.1,0,0.0,0,0.4,0,0.0,0,-1.5,0,-1.5,0,-9999.9,1,-9999.9,1,-9999.9,1,-9999.9,1,-9999.9,1
1995,1,1,1,7,12,7.200,156.94,-5.7,0,0.2,0,-0.3,0,-9999.9,1,308.6,0,275.2,0,274.6,0,310.1,0,272.0,0,272.1,0,0.0,0,0.5,0,0.0,0,-1.4,0,-1.4,0,-9999.9,1,-9999.9,1,-9999.9,1,-9999.9,1,-9999.9,1
1995,1,1,1,7,15,7.250,156.51,-5.6,0,0.3,0,-0.4,0,-9999.9,1,308.5,0,275.1,0,274.5,0,309.8,0,272.0,0,272.1,0,0.0,0,0.5,0,0.0,0,-1.2,0,-1.2,0,-9999.9,1,-9999.9,1,-9999.9,1,-9999.9,1,-9999.9,1
1995,1,1,1,7,18,7.300,156.07,-5.6,0,0.2,0,-0.4,0,-9999.9,1,308.3,0,275.1,0,274.5,0,309.7,0,272.0,0,272.1,0,0.0,0,0.5,0,0.0,0,-1.4,0,-1.4,0,-9999.9,1,-9999.9,1,-9999.9,1,-9999.9,1,-9999.9,1
1995,1,1,1,7,21,7.350,155.62,-5.7,0,0.1,0,-0.4,0,-9999.9,1,308.7,0,275.1,0,274.5,0,309.7,0,272.0,0,272.0,0,0.0,0,0.5,0,0.0,0,-1.0,0,-1.0,0,-9999.9,1,-9999.9,1,-9999.9,1,-9999.9,1,-9999.9,1
1995,1,1,1,7,24,7.400,155.17,-5.8,0,0.1,0,-0.2,0,-9999.9,1,308.7,0,275.1,0,274.5,0,309.6,0,271.9,0,272.0,0,0.0,0,0.5,0,0.0,0,-0.9,0,-0.9,0,-9999.9,1,-9999.9,1,-9999.9,1,-9999.9,1,-9999.9,1
1995,1,1,1,7,27,7.450,154.70,-5.9,0,0.1,0,-0.2,0,-9999.9,1,308.5,0,275.1,0,274.5,0,309.8,0,271.9,0,272.0,0,0.0,0,0.5,0,0.0,0,-1.3,0,-1.3,0,-9999.9,1,-9999.9,1,-9999.9,1,-9999.9,1,-9999.9,1
1995,1,1,1,7,30,7.500,154.23,-5.7,0,0.2,0,-0.3,0,-9999.9,1,308.2,0,275.1,0,274.5,0,309.4,0,271.9,0,272.0,0,0.0,0,0.5,0,0.0,0,-1.2,0,-1.2,0,-9999.9,1,-9999.9,1,-9999.9,1,-9999.9,1,-9999.9,1
1995,1,1,1,7,33,7.550,153.76,-5.6,0,0.4,0,-0.4,0,-9999.9,1,308.2,0,275.0,0,274.4,0,309.3,0,271.9,0,271.9,0,0.0,0,0.5,0,0.0,0,-1.1,0,-1.1,0,-9999.9,1,-9999.9,1,-9999.9,1,-9999.9,1,-9999.9,1
1995,1,1,1,7,36,7.600,153.27,-5.6,0,0.3,0,-0.4,0,-9999.9,1,307.8,0,275.0,0,274.4,0,309.0,0,271.8,0,271.9,0,0.0,0,0.5,0,0.0,0,-1.2,0,-1.2,0,-9999.9,1,-9999.9,1,-9999.9,1,-9999.9,1,-9999.9,1
1995,1,1,1,7,39,7.650,152.79,-5.5,0,0.2,0,-0.3,0,-9999.9,1,307.5,0,275.0,0,274.4,0,309.1,0,271.8,0,271.9,0,0.0,0,0.5,0,0.0,0,-1.6,0,-1.6,0,-9999.9,1,-9999.9,1,-9999.9,1,-9999.9,1,-9999.9,1
1995,1,1,1,7,42,7.700,152.29,-5.4,0,0.3,0,-0.3,0,-9999.9,1,307.7,0,274.9,0,274.3,0,308.8,0,271.8,0,271.9,0,0.0,0,0.5,0,0.0,0,-1.2,0,-1.2,0,-9999.9,1,-9999.9,1,-9999.9,1,-9999.9,1,-9999.9,1
1995,1,1,1,7,45,7.750,151.79,-5.8,0,0.1,0,-0.2,0,-9999.9,1,306.9,0,274.9,0,274.4,0,309.0,0,271.8,0,271.9,0,0.0,0,0.5,0,0.0,0,-2.2,0,-2.2,0,-9999.9,1,-9999.9,1,-9999.9,1,-9999.9,1,-9999.9,1
1995,1,1,1,7,48,7.800,151.29,-5.6,0,0.2,0,-0.3,0,-9999.9,1,306.8,0,274.9,0,274.3,0,308.6,0,271.8,0,271.9,0,0.0,0,0.5,0,0.0,0,-1.8,0,-1.8,0,-9999.9,1,-9999.9,1,-9999.9,1,-9999.9,1,-9999.9,1
1995,1,1,1,7,51,7.850,150.78,-5.5,0,0.2,0,-0.3,0,-9999.9,1,306.9,0,274.9,0,274.3,0,308.6,0,271.7,0,271.8,0,0.0,0,0.5,0,0.0,0,-1.7,0,-1.7,0,-9999.9,1,-9999.9,1,-9999.9,1,-9999.9,1,-9999.9,1
1995,1,1,1,7,54,7.900,150.27,-5.7,0,0.1,0,-0.2,0,-9999.9,1,306.8,0,274.9,0,274.3,0,308.6,0,271.7,0,271.8,0,0.0,0,0.5,0,0.0,0,-1.9,0,-1.9,0,-9999.9,1,-9999.9,1,-9999.9,1,-9999.9,1,-9999.9,1
1995,1,1,1,7,57,7.950,149.75,-5.8,0,0.1,0,-0.2,0,-9999.9,1,306.6,0,274.9,0,274.3,0,308.5,0,271.7,0,271.8,0,0.0,0,0.5,0,0.0,0,-1.9,0,-1.9,0,-9999.9,1,-9999.9,1,-9999.9,1,-9999.9,1,-9999.9,1
1995,1,1,1,8,0,8.000,149.23,-5.5,0,0.1,0,-0.2,0,-9999.9,1,306.4,0,274.9,0,274.3,0,308.6,0,271.7,0,271.8,0,0.0,0,0.5,0,0.0,0,-2.1,0,-2.1,0,-9999.9,1,-9999.9,1,-9999.9,1,-9999.9,1,-9999.9,1
1995,1,1,1,8,3,8.050,148.70,-5.8,0,0.3,0,-0.3,0,-9999.9,1,306.5,0,274.8,0,274.2,0,308.2,0,271.7,0,271.8,0,0.0,0,0.5,0,0.0,0,-1.7,0,-1.7,0,-9999.9,1,-9999.9,1,-9999.9,1,-9999.9,1,-9999.9,1
1995,1,1,1,8,6,8.100,148.18,-5.4,0,0.1,0,-0.3,0,-9999.9,1,306.3,0,274.8,0,274.2,0,308.5,0,271.7,0,271.8,0,0.0,0,0.4,0,0.0,0,-2.3,0,-2.3,0,-9999.9,1,-9999.9,1,-9999.9,1,-9999.9,1,-9999.9,1
1995,1,1,1,8,9,8.150,147.64,-5.3,0,0.2,0,-0.2,0,-9999.9,1,305.5,0,274.8,0,274.2,0,308.0,0,271.7,0,271.8,0,0.0,0,0.5,0,0.0,0,-2.5,0,-2.5,0,-9999.9,1,-9999.9,1,-9999.9,1,-9999.9,1,-9999.9,1
1995,1,1,1,8,12,8.200,147.11,-5.5,0,0.4,0,-0.4,0,-9999.9,1,304.9,0,274.8,0,274.2,0,307.8,0,271.6,0,271.7,0,0.0,0,0.5,0,0.0,0,-3.0,0,-3.0,0,-9999.9,1,-9999.9,1,-9999.9,1,-9999.9,1,-9999.9,1
1995,1,1,1,8,15,8.250,146.57,-5.6,0,0.3,0,-0.4,0,-9999.9,1,304.5,0,274.7,0,274.2,0,307.7,0,271.6,0,271.7,0,0.0,0,0.5,0,0.0,0,-3.2,0,-3.2,0,-9999.9,1,-9999.9,1,-9999.9,1,-9999.9,1,-9999.9,1
1995,1,1,1,8,18,8.300,146.03,-5.6,0,0.3,0,-0.5,0,-9999.9,1,303.5,0,274.7,0,274.1,0,307.5,0,271.6,0,271.7,0,0.0,0,0.5,0,0.0,0,-4.0,0,-4.0,0,-9999.9,1,-9999.9,1,-9999.9,1,-9999.9,1,-9999.9,1
1995,1,1,1,8,21,8.350,145.49,-6.0,0,0.3,0,-0.4,0,-9999.9,1,303.0,0,274.7,0,274.1,0,307.4,0,271.6,0,271.7,0,0.0,0,0.4,0,0.0,0,-4.5,0,-4.5,0,-9999.9,1,-9999.9,1,-9999.9,1,-9999.9,1,-9999.9,1
1995,1,1,1,8,24,8.400,144.95,-5.6,0,0.3,0,-0.5,0,-9999.9,1,303.6,0,274.7,0,274.1,0,307.2,0,271.5,0,271.6,0,0.0,0,0.4,0,0.0,0,-3.6,0,-3.6,0,-9999.9,1,-9999.9,1,-9999.9,1,-9999.9,1,-9999.9,1
1995,1,1,1,8,27,8.450,144.40,-5.6,0,0.5,0,-0.5,0,-9999.9,1,303.8,0,274.6,0,274.0,0,307.0,0,271.5,0,271.6,0,0.0,0,0.4,0,0.0,0,-3.2,0,-3.2,0,-9999.9,1,-9999.9,1,-9999.9,1,-9999.9,1,-9999.9,1
1995,1,1,1,8,30,8.500,143.85,-5.4,0,0.4,0,-0.5,0,-9999.9,1,303.5,0,274.6,0,274.0,0,306.8,0,271.5,0,271.6,0,0.0,0,0.4,0,0.0,0,-3.3,0,-3.3,0,-9999.9,1,-9999.9,1,-9999.9,1,-9999.9,1,-9999.9,1
1995,1,1,1,8,33,8.550,143.30,-5.5,0,0.4,0,-0.6,0,-9999.9,1,303.7,0,274.6,0,274.0,0,306.7,0,271.4,0,271.5,0,0.0,0,0.4,0,0.0,0,-3.0,0,-3.0,0,-9999.9,1,-9999.9,1,-9999.9,1,-9999.9,1,-9999.9,1
1995,1,1,1,8,36,8.600,142.74,-5.5,0,0.3,0,-0.5,0,-9999.9,1,303.7,0,274.5,0,274.0,0,306.6,0,271.4,0,271.5,0,0.0,0,0.4,0,0.0,0,-2.9,0,-2.9,0,-9999.9,1,-9999.9,1,-9999.9,1,-9999.9,1,-9999.9,1
1995,1,1,1,8,39,8.650,142.19,-5.5,0,0.2,0,-0.3,0,-9999.9,1,303.2,0,274.5,0,274.0,0,306.7,0,271.4,0,271.4,0,0.0,0,0.4,0,0.0,0,-3.5,0,-3.5,0,-9999.9,1,-9999.9,1,-9999.9,1,-9999.9,1,-9999.9,1
1995,1,1,1,8,42,8.700,141.63,-5.6,0,0.2,0,-0.2,0,-9999.9,1,303.1,0,274.5,0,274.0,0,306.4,0,271.3,0,271.4,0,0.0,0,0.5,0,0.0,0,-3.4,0,-3.4,0,-9999.9,1,-9999.9,1,-9999.9,1,-9999.9,1,-9999.9,1
1995,1,1,1,8,45,8.750,141.07,-5.6,0,0.1,0,-0.1,0,-9999.9,1,303.2,0,274.5,0,274.0,0,306.5,0,271.3,0,271.4,0,0.0,0,0.5,0,0.0,0,-3.3,0,-3.3,0,-9999.9,1,-9999.9,1,-9999.9,1,-9999.9,1,-9999.9,1
1995,1,1,1,8,48,8.800,140.52,-5.6,0,0.1,0,-0.1,0,-9999.9,1,303.4,0,274.5,0,274.0,0,306.6,0,271.3,0,271.4,0,0.0,0,0.5,0,0.0,0,-3.2,0,-3.2,0,-9999.9,1,-9999.9,1,-9999.9,1,-9999.9,1,-9999.9,1
1995,1,1,1,8,51,8.850,139.95,-5.4,0,0.3,0,-0.2,0,-9999.9,1,303.9,0,274.5,0,273.9,0,306.4,0,271.3,0,271.4,0,0.0,0,0.4,0,0.0,0,-2.4,0,-2.4,0,-9999.9,1,-9999.9,1,-9999.9,1,-9999.9,1,-9999.9,1
1995,1,1,1,8,54,8.900,139.39,-5.4,0,0.2,0,-0.3,0,-9999.9,1,304.5,0,274.5,0,273.9,0,306.4,0,271.3,0,271.4,0,0.0,0,0.5,0,0.0,0,-1.9,0,-1.9,0,-9999.9,1,-9999.9,1,-9999.9,1,-9999.9,1,-9999.9,1
1995,1,1,1,8,57,8.950,138.83,-5.3,0,0.2,0,-0.2,0,-9999.9,1,305.5,0,274.4,0,273.8,0,306.3,0,271.2,0,271.3,0,0.0,0,0.5,0,0.0,0,-0.8,0,-0.8,0,-9999.9,1,-9999.9,1,-9999.9,1,-9999.9,1,-9999.9,1
1995,1,1,1,9,0,9.000,138.26,-5.3,0,0.2,0,-0.2,0,-9999.9,1,308.4,0,274.4,0,273.5,0,306.1,0,271.2,0,271.3,0,0.0,0,0.5,0,0.0,0,0.0,0,0.0,0,-9999.9,1,-9999.9,1,-9999.9,1,-9999.9,1,-9999.9,1
1995,1,1,1,9,3,9.050,137.70,-5.3,0,0.2,0,-0.2,0,-9999.9,1,309.3,0,274.4,0,273.4,0,306.0,0,271.2,0,271.3,0,0.0,0,0.5,0,0.0,0,0.0,0,0.0,0,-9999.9,1,-9999.9,1,-9999.9,1,-9999.9,1,-9999.9,1
1995,1,1,1,9,6,9.100,137.13,-5.1,0,0.6,0,-0.4,0,-9999.9,1,308.5,0,274.3,0,273.4,0,305.4,0,271.1,0,271.2,0,0.0,0,0.5,0,0.0,0,0.0,0,0.0,0,-9999.9,1,-9999.9,1,-9999.9,1,-9999.9,1,-9999.9,1
1995,1,1,1,9,9,9.150,136.56,-5.1,0,0.5,0,-0.8,0,-9999.9,1,307.4,0,274.3,0,273.4,0,305.2,0,271.1,0,271.1,0,0.0,0,0.4,0,0.0,0,0.0,0,0.0,0,-9999.9,1,-9999.9,1,-9999.9,1,-9999.9,1,-9999.9,1
1995,1,1,1,9,12,9.200,136.00,-5.1,0,0.5,0,-0.8,0,-9999.9,1,306.8,0,274.2,0,273.3,0,305.0,0,271.0,0,271.1,0,0.0,0,0.4,0,0.0,0,0.0,0,0.0,0,-9999.9,1,-9999.9,1,-9999.9,1,-9999.9,1,-9999.9,1
1995,1,1,1,9,15,9.250,135.43,-5.2,0,0.4,0,-0.7,0,-9999.9,1,305.6,0,274.2,0,273.3,0,304.7,0,270.9,0,271.0,0,0.0,0,0.5,0,0.0,0,0.0,0,0.0,0,-9999.9,1,-9999.9,1,-9999.9,1,-9999.9,1,-9999.9,1
1995,1,1,1,9,18,9.300,134.86,-5.6,0,0.3,0,-0.3,0,-9999.9,1,305.2,0,274.1,0,273.3,0,304.6,0,270.9,0,271.0,0,0.0,0,0.5,0,0.0,0,0.0,0,0.0,0,-9999.9,1,-9999.9,1,-9999.9,1,-9999.9,1,-9999.9,1
1995,1,1,1,9,21,9.350,134.29,-5.1,0,0.3,0,-0.3,0,-9999.9,1,304.2,0,274.1,0,273.3,0,304.7,0,270.9,0,271.0,0,0.0,0,0.5,0,0.0,0,-0.4,0,-0.4,0,-9999.9,1,-9999.9,1,-9999.9,1,-9999.9,1,-9999.9,1
1995,1,1,1,9,24,9.400,133.71,-4.9,0,0.4,0,-0.4,0,-9999.9,1,304.0,0,274.0,0,273.3,0,304.5,0,270.8,0,270.9,0,0.0,0,0.4,0,0.0,0,-0.5,0,-0.5,0,-9999.9,1,-9999.9,1,-9999.9,1,-9999.9,1,-9999.9,1
1995,1,1,1,9,27,9.450,133.14,-5.3,0,0.4,0,-0.4,0,-9999.9,1,302.9,0,274.0,0,273.3,0,303.9,0,270.8,0,270.9,0,0.0,0,0.5,0,0.0,0,-1.1,0,-1.1,0,-9999.9,1,-9999.9,1,-9999.9,1,-9999.9,1,-9999.9,1
1995,1,1,1,9,30,9.500,132.57,-5.2,0,0.6,0,-0.7,0,-9999.9,1,301.9,0,274.0,0,273.3,0,303.6,0,270.7,0,270.8,0,0.0,0,0.4,0,0.0,0,-1.7,0,-1.7,0,-9999.9,1,-9999.9,1,-9999.9,1,-9999.9,1,-9999.9,1
1995,1,1,1,9,33,9.550,132.00,-5.1,0,0.4,0,-0.7,0,-9999.9,1,302.6,0,273.9,0,273.2,0,303.6,0,270.7,0,270.8,0,0.0,0,0.4,0,0.0,0,-1.1,0,-1.1,0,-9999.9,1,-9999.9,1,-9999.9,1,-9999.9,1,-9999.9,1
1995,1,1,1,9,36,9.600,131.43,-5.1,0,0.3,0,-0.6,0,-9999.9,1,303.2,0,273.9,0,273.2,0,303.4,0,270.6,0,270.7,0,0.0,0,0.5,0,0.0,0,-0.2,0,-0.2,0,-9999.9,1,-9999.9,1,-9999.9,1,-9999.9,1,-9999.9,1
1995,1,1,1,9,39,9.650,130.85,-4.3,0,0.9,0,-1.0,0,-9999.9,1,301.2,0,273.8,0,273.1,0,303.2,0,270.6,0,270.6,0,0.0,0,0.3,0,0.0,0,-2.0,0,-2.0,0,-9999.9,1,-9999.9,1,-9999.9,1,-9999.9,1,-9999.9,1
1995,1,1,1,9,42,9.700,130.28,-4.7,0,0.7,0,-1.1,0,-9999.9,1,300.1,0,273.7,0,273.0,0,302.4,0,270.4,0,270.5,0,0.0,0,0.4,0,0.0,0,-2.3,0,-2.3,0,-9999.9,1,-9999.9,1,-9999.9,1,-9999.9,1,-9999.9,1
1995,1,1,1,9,45,9.750,129.71,-4.7,0,0.7,0,-1.0,0,-9999.9,1,299.5,0,273.6,0,272.9,0,302.1,0,270.4,0,270.5,0,0.0,0,0.4,0,0.0,0,-2.6,0,-2.6,0,-9999.9,1,-9999.9,1,-9999.9,1,-9999.9,1,-9999.9,1
1995,1,1,1,9,48,9.800,129.13,-4.7,0,0.5,0,-0.9,0,-9999.9,1,298.4,0,273.6,0,272.9,0,301.7,0,270.3,0,270.4,0,0.0,0,0.5,0,0.0,0,-3.3,0,-3.3,0,-9999.9,1,-9999.9,1,-9999.9,1,-9999.9,1,-9999.9,1
1995,1,1,1,9,51,9.850,128.56,-4.8,0,0.3,0,-0.6,0,-9999.9,1,297.7,0,273.5,0,272.9,0,302.0,0,270.3,0,270.4,0,0.0,0,0.4,0,0.0,0,-4.3,0,-4.3,0,-9999.9,1,-9999.9,1,-9999.9,1,-9999.9,1,-9999.9,1
1995,1,1,1,9,54,9.900,127.98,-4.7,0,0.2,0,-0.4,0,-9999.9,1,295.1,0,273.5,0,272.9,0,301.5,0,270.2,0,270.3,0,0.0,0,0.4,0,0.0,0,-6.4,0,-6.4,0,-9999.9,1,-9999.9,1,-9999.9,1,-9999.9,1,-9999.9,1
1995,1,1,1,9,57,9.950,127.41,-4.8,0,0.2,0,-0.4,0,-9999.9,1,292.5,0,273.4,0,272.8,0,301.4,0,270.2,0,270.3,0,0.0,0,0.4,0,0.0,0,-8.9,0,-8.9,0,-9999.9,1,-9999.9,1,-9999.9,1,-9999.9,1,-9999.9,1
1995,1,1,1,10,0,10.000,126.84,-4.7,0,0.1,0,-0.3,0,-9999.9,1,286.8,0,273.4,0,272.8,0,301.0,0,270.2,0,270.3,0,0.0,0,0.4,0,0.0,0,-14.2,0,-14.2,0,-9999.9,1,-9999.9,1,-9999.9,1,-9999.9,1,-9999.9,1
1995,1,1,1,10,3,10.050,126.26,-4.6,0,0.1,0,-0.3,0,-9999.9,1,288.2,0,273.4,0,272.8,0,301.2,0,270.2,0,270.3,0,0.0,0,0.4,0,0.0,0,-13.0,0,-13.0,0,-9999.9,1,-9999.9,1,-9999.9,1,-9999.9,1,-9999.9,1
1995,1,1,1,10,6,10.100,125.69,-4.5,0,0.1,0,-0.4,0,-9999.9,1,277.7,0,273.4,0,272.7,0,300.3,0,270.2,0,270.3,0,0.0,0,0.4,0,0.0,0,-22.6,0,-22.6,0,-9999.9,1,-9999.9,1,-9999.9,1,-9999.9,1,-9999.9,1
1995,1,1,1,10,9,10.150,125.11,-4.7,0,0.1,0,-0.3,0,-9999.9,1,272.6,0,273.3,0,272.7,0,300.2,0,270.2,0,270.3,0,0.0,0,0.4,0,0.0,0,-27.6,0,-27.6,0,-9999.9,1,-9999.9,1,-9999.9,1,-9999.9,1,-9999.9,1
1995,1,1,1,10,12,10.200,124.54,-4.5,0,0.5,0,-1.0,0,-9999.9,1,245.8,0,273.3,0,272.5,0,298.1,0,270.1,0,270.2,0,0.0,0,0.4,0,0.0,0,-52.3,0,-52.3,0,-9999.9,1,-9999.9,1,-9999.9,1,-9999.9,1,-9999.9,1
1995,1,1,1,10,15,10.250,123.97,-4.4,0,0.9,0,-1.8,0,-9999.9,1,234.8,0,273.2,0,272.3,0,296.7,0,270.0,0,270.1,0,0.0,0,0.4,0,0.0,0,-61.8,0,-61.8,0,-9999.9,1,-9999.9,1,-9999.9,1,-9999.9,1,-9999.9,1
1995,1,1,1,10,18,10.300,123.39,-4.7,0,0.8,0,-1.9,0,-9999.9,1,240.1,0,273.1,0,272.2,0,296.0,0,269.9,0,270.0,0,0.0,0,0.4,0,0.0,0,-55.9,0,-55.9,0,-9999.9,1,-9999.9,1,-9999.9,1,-9999.9,1,-9999.9,1
1995,1,1,1,10,21,10.350,122.82,-4.6,0,0.6,0,-1.3,0,-9999.9,1,245.1,0,273.0,0,272.2,0,296.2,0,269.8,0,269.9,0,0.0,0,0.4,0,0.0,0,-51.0,0,-51.0,0,-9999.9,1,-9999.9,1,-9999.9,1,-9999.9,1,-9999.9,1
1995,1,1,1,10,24,10.400,122.25,-4.6,0,0.4,0,-0.9,0,-9999.9,1,253.9,0,272.9,0,272.1,0,296.1,0,269.8,0,269.8,0,0.0,0,0.4,0,0.0,0,-42.2,0,-42.2,0,-9999.9,1,-9999.9,1,-9999.9,1,-9999.9,1,-9999.9,1
1995,1,1,1,10,27,10.450,121.68,-4.8,0,0.3,0,-0.3,0,-9999.9,1,284.9,0,272.8,0,272.2,0,297.8,0,269.7,0,269.8,0,0.0,0,0.4,0,0.0,0,-13.0,0,-13.0,0,-9999.9,1,-9999.9,1,-9999.9,1,-9999.9,1,-9999.9,1
1995,1,1,1,10,30,10.500,121.10,-4.8,0,0.1,0,0.2,0,-9999.9,1,290.7,0,272.8,0,272.2,0,298.7,0,269.7,0,269.8,0,0.0,0,0.4,0,0.0,0,-8.0,0,-8.0,0,-9999.9,1,-9999.9,1,-9999.9,1,-9999.9,1,-9999.9,1
1995,1,1,1,10,33,10.550,120.53,-4.2,0,0.1,0,0.3,0,-9999.9,1,291.0,0,272.8,0,272.2,0,298.8,0,269.7,0,269.8,0,0.0,0,0.4,0,0.0,0,-7.8,0,-7.8,0,-9999.9,1,-9999.9,1,-9999.9,1,-9999.9,1,-9999.9,1
1995,1,1,1,10,36,10.600,119.96,-4.7,0,0.0,0,0.2,0,-9999.9,1,292.6,0,272.7,0,272.2,0,299.2,0,269.7,0,269.8,0,0.0,0,0.4,0,0.0,0,-6.6,0,-6.6,0,-9999.9,1,-9999.9,1,-9999.9,1,-9999.9,1,-9999.9,1
1995,1,1,1,10,39,10.650,119.39,-5.0,0,0.0,0,0.1,0,-9999.9,1,294.3,0,272.7,0,272.2,0,299.2,0,269.7,0,269.8,0,0.0,0,0.4,0,0.0,0,-4.9,0,-4.9,0,-9999.9,1,-9999.9,1,-9999.9,1,-9999.9,1,-9999.9,1
1995,1,1,1,10,42,10.700,118.82,-4.2,0,0.0,0,0.1,0,-9999.9,1,294.2,0,272.8,0,272.2,0,299.4,0,269.7,0,269.8,0,0.0,0,0.4,0,0.0,0,-5.1,0,-5.1,0,-9999.9,1,-9999.9,1,-9999.9,1,-9999.9,1,-9999.9,1
1995,1,1,1,10,45,10.750,118.25,-4.9,0,0.1,0,0.0,0,-9999.9,1,293.1,0,272.8,0,272.2,0,299.3,0,269.7,0,269.8,0,0.0,0,0.4,0,0.0,0,-6.2,0,-6.2,0,-9999.9,1,-9999.9,1,-9999.9,1,-9999.9,1,-9999.9,1
1995,1,1,1,10,48,10.800,117.68,-4.7,0,0.0,0,-0.1,0,-9999.9,1,293.8,0,272.8,0,272.2,0,299.3,0,269.7,0,269.8,0,0.0,0,0.4,0,0.0,0,-5.5,0,-5.5,0,-9999.9,1,-9999.9,1,-9999.9,1,-9999.9,1,-9999.9,1
1995,1,1,1,10,51,10.850,117.11,-4.4,0,0.0,0,-0.1,0,-9999.9,1,294.6,0,272.8,0,272.2,0,299.4,0,269.7,0,269.8,0,0.0,0,0.4,0,0.0,0,-4.7,0,-4.7,0,-9999.9,1,-9999.9,1,-9999.9,1,-9999.9,1,-9999.9,1
1995,1,1,1,10,54,10.900,116.55,-4.7,0,0.2,0,-0.2,0,-9999.9,1,294.8,0,272.8,0,272.3,0,299.2,0,269.7,0,269.8,0,0.0,0,0.4,0,0.0,0,-4.4,0,-4.4,0,-9999.9,1,-9999.9,1,-9999.9,1,-9999.9,1,-9999.9,1
1995,1,1,1,10,57,10.950,115.98,-4.9,0,0.3,0,-0.4,0,-9999.9,1,294.7,0,272.8,0,272.3,0,299.0,0,269.7,0,269.8,0,0.0,0,0.4,0,0.0,0,-4.3,0,-4.3,0,-9999.9,1,-9999.9,1,-9999.9,1,-9999.9,1,-9999.9,1
1995,1,1,1,11,0,11.000,115.41,-4.8,0,0.1,0,-0.3,0,-9999.9,1,294.7,0,272.8,0,272.3,0,298.9,0,269.6,0,269.8,0,0.0,0,0.4,0,0.0,0,-4.3,0,-4.3,0,-9999.9,1,-9999.9,1,-9999.9,1,-9999.9,1,-9999.9,1
1995,1,1,1,11,3,11.050,114.85,-5.0,0,0.2,0,-0.3,0,-9999.9,1,294.6,0,272.8,0,272.3,0,299.0,0,269.6,0,269.7,0,0.0,0,0.4,0,0.0,0,-4.4,0,-4.4,0,-9999.9,1,-9999.9,1,-9999.9,1,-9999.9,1,-9999.9,1
1995,1,1,1,11,6,11.100,114.28,-5.0,0,0.1,0,-0.2,0,-9999.9,1,295.1,0,272.8,0,272.3,0,299.0,0,269.6,0,269.7,0,0.0,0,0.4,0,0.0,0,-3.9,0,-3.9,0,-9999.9,1,-9999.9,1,-9999.9,1,-9999.9,1,-9999.9,1
1995,1,1,1,11,9,11.150,113.72,-4.7,0,0.1,0,-0.2,0,-9999.9,1,295.3,0,272.8,0,272.3,0,298.7,0,269.6,0,269.7,0,0.0,0,0.5,0,0.0,0,-3.4,0,-3.4,0,-9999.9,1,-9999.9,1,-9999.9,1,-9999.9,1,-9999.9,1
1995,1,1,1,11,12,11.200,113.15,-5.0,0,0.1,0,-0.3,0,-9999.9,1,295.3,0,272.8,0,272.3,0,299.0,0,269.6,0,269.7,0,0.0,0,0.3,0,0.0,0,-3.7,0,-3.7,0,-9999.9,1,-9999.9,1,-9999.9,1,-9999.9,1,-9999.9,1
1995,1,1,1,11,15,11.250,112.59,-4.8,0,0.0,0,-0.2,0,-9999.9,1,295.0,0,272.8,0,272.3,0,299.1,0,269.6,0,269.7,0,0.0,0,0.4,0,0.0,0,-4.0,0,-4.0,0,-9999.9,1,-9999.9,1,-9999.9,1,-9999.9,1,-9999.9,1
1995,1,1,1,11,18,11.300,112.03,-4.8,0,-0.1,0,-0.1,0,-9999.9,1,295.1,0,272.8,0,272.3,0,299.4,0,269.6,0,269.7,0,0.0,0,0.4,0,0.0,0,-4.3,0,-4.3,0,-9999.9,1,-9999.9,1,-9999.9,1,-9999.9,1,-9999.9,1
1995,1,1,1,11,21,11.350,111.47,-4.7,0,-0.1,0,-0.1,0,-9999.9,1,294.6,0,272.8,0,272.2,0,299.1,0,269.6,0,269.7,0,0.0,0,0.4,0,0.0,0,-4.5,0,-4.5,0,-9999.9,1,-9999.9,1,-9999.9,1,-9999.9,1,-9999.9,1
1995,1,1,1,11,24,11.400,110.91,-4.6,0,0.2,0,-0.2,0,-9999.9,1,293.8,0,272.8,0,272.2,0,298.7,0,269.6,0,269.8,0,0.0,0,0.4,0,0.0,0,-4.9,0,-4.9,0,-9999.9,1,-9999.9,1,-9999.9,1,-9999.9,1,-9999.9,1
1995,1,1,1,11,27,11.450,110.35,-4.7,0,0.2,0,-0.3,0,-9999.9,1,294.3,0,272.8,0,272.2,0,299.1,0,269.6,0,269.7,0,0.0,0,0.4,0,0.0,0,-4.7,0,-4.7,0,-9999.9,1,-9999.9,1,-9999.9,1,-9999.9,1,-9999.9,1
1995,1,1,1,11,30,11.500,109.79,-4.5,0,0.2,0,-0.4,0,-9999.9,1,294.5,0,272.8,0,272.2,0,298.8,0,269.6,0,269.7,0,0.0,0,0.4,0,0.0,0,-4.3,0,-4.3,0,-9999.9,1,-9999.9,1,-9999.9,1,-9999.9,1,-9999.9,1
1995,1,1,1,11,33,11.550,109.24,-4.5,0,0.3,0,-0.6,0,-9999.9,1,294.5,0,272.8,0,272.1,0,298.4,0,269.6,0,269.7,0,0.0,0,0.4,0,0.0,0,-4.0,0,-4.0,0,-9999.9,1,-9999.9,1,-9999.9,1,-9999.9,1,-9999.9,1
1995,1,1,1,11,36,11.600,108.68,-4.1,0,0.3,0,-0.6,0,-9999.9,1,294.2,0,272.7,0,272.1,0,298.5,0,269.6,0,269.7,0,0.0,0,0.4,0,0.0,0,-4.3,0,-4.3,0,-9999.9,1,-9999.9,1,-9999.9,1,-9999.9,1,-9999.9,1
1995,1,1,1,11,39,11.650,108.13,-4.7,0,0.2,0,-0.3,0,-9999.9,1,293.8,0,272.7,0,272.1,0,298.3,0,269.5,0,269.7,0,0.0,0,0.4,0,0.0,0,-4.5,0,-4.5,0,-9999.9,1,-9999.9,1,-9999.9,1,-9999.9,1,-9999.9,1
1995,1,1,1,11,42,11.700,107.57,-3.9,0,0.3,0,-0.4,0,-9999.9,1,292.9,0,272.7,0,272.0,0,298.6,0,269.5,0,269.6,0,0.0,0,0.3,0,0.0,0,-5.6,0,-5.6,0,-9999.9,1,-9999.9,1,-9999.9,1,-9999.9,1,-9999.9,1
1995,1,1,1,11,45,11.750,107.02,-4.3,0,0.3,0,-0.5,0,-9999.9,1,291.6,0,272.6,0,272.0,0,297.9,0,269.5,0,269.6,0,0.0,0,0.4,0,0.0,0,-6.3,0,-6.3,0,-9999.9,1,-9999.9,1,-9999.9,1,-9999.9,1,-9999.9,1
1995,1,1,1,11,48,11.800,106.47,-4.3,0,0.4,0,-0.7,0,-9999.9,1,289.6,0,272.6,0,271.9,0,297.7,0,269.5,0,269.6,0,0.0,0,0.4,0,0.0,0,-8.0,0,-8.0,0,-9999.9,1,-9999.9,1,-9999.9,1,-9999.9,1,-9999.9,1
1995,1,1,1,11,51,11.850,105.92,-4.3,0,0.4,0,-0.8,0,-9999.9,1,287.3,0,272.5,0,271.9,0,297.2,0,269.4,0,269.5,0,0.0,0,0.4,0,0.0,0,-9.9,0,-9.9,0,-9999.9,1,-9999.9,1,-9999.9,1,-9999.9,1,-9999.9,1
1995,1,1,1,11,54,11.900,105.37,-4.4,0,0.3,0,-0.5,0,-9999.9,1,289.9,0,272.5,0,271.9,0,297.4,0,269.4,0,269.5,0,0.0,0,0.4,0,0.0,0,-7.5,0,-7.5,0,-9999.9,1,-9999.9,1,-9999.9,1,-9999.9,1,-9999.9,1
1995,1,1,1,11,57,11.950,104.83,-4.5,0,0.2,0,-0.2,0,-9999.9,1,290.7,0,272.5,0,271.9,0,297.1,0,269.4,0,269.5,0,0.0,0,0.5,0,0.0,0,-6.4,0,-6.4,0,-9999.9,1,-9999.9,1,-9999.9,1,-9999.9,1,-9999.9,1
1995,1,1,1,12,0,12.000,104.28,-4.3,0,0.5,0,-0.6,0,-9999.9,1,291.5,0,272.5,0,271.8,0,297.2,0,269.3,0,269.4,0,0.0,0,0.3,0,0.0,0,-5.7,0,-5.7,0,-9999.9,1,-9999.9,1,-9999.9,1,-9999.9,1,-9999.9,1
1995,1,1,1,12,3,12.050,103.74,-4.2,0,0.6,0,-0.8,0,-9999.9,1,291.0,0,272.4,0,271.8,0,296.6,0,269.3,0,269.4,0,0.0,0,0.3,0,0.0,0,-5.6,0,-5.6,0,-9999.9,1,-9999.9,1,-9999.9,1,-9999.9,1,-9999.9,1
1995,1,1,1,12,6,12.100,103.19,-4.6,0,0.5,0,-0.8,0,-9999.9,1,290.4,0,272.4,0,271.8,0,296.5,0,269.3,0,269.4,0,0.0,0,0.3,0,0.0,0,-6.1,0,-6.1,0,-9999.9,1,-9999.9,1,-9999.9,1,-9999.9,1,-9999.9,1
1995,1,1,1,12,9,12.150,102.65,-4.8,0,0.3,0,-0.7,0,-9999.9,1,288.9,0,272.3,0,271.8,0,296.3,0,269.2,0,269.3,0,0.0,0,0.4,0,0.0,0,-7.4,0,-7.4,0,-9999.9,1,-9999.9,1,-9999.9,1,-9999.9,1,-9999.9,1
1995,1,1,1,12,12,12.200,102.11,-4.6,0,0.2,0,-0.5,0,-9999.9,1,284.6,0,272.3,0,271.7,0,296.4,0,269.2,0,269.3,0,0.0,0,0.3,0,0.0,0,-11.8,0,-11.8,0,-9999.9,1,-9999.9,1,-9999.9,1,-9999.9,1,-9999.9,1
1995,1,1,1,12,15,12.250,101.57,-4.8,0,0.3,0,-0.6,0,-9999.9,1,267.3,0,272.3,0,271.7,0,295.1,0,269.2,0,269.3,0,0.0,0,0.4,0,0.0,0,-27.8,0,-27.8,0,-9999.9,1,-9999.9,1,-9999.9,1,-9999.9,1,-9999.9,1
1995,1,1,1,12,18,12.300,101.03,-4.4,0,0.4,0,-1.0,0,-9999.9,1,248.1,0,272.2,0,271.5,0,294.2,0,269.2,0,269.2,0,0.0,0,0.3,0,0.0,0,-46.1,0,-46.1,0,-9999.9,1,-9999.9,1,-9999.9,1,-9999.9,1,-9999.9,1
1995,1,1,1,12,21,12.350,100.50,-4.4,0,0.3,0,-1.0,0,-9999.9,1,245.0,0,272.2,0,271.5,0,293.2,0,269.1,0,269.2,0,0.0,0,0.3,0,0.0,0,-48.3,0,-48.3,0,-9999.9,1,-9999.9,1,-9999.9,1,-9999.9,1,-9999.9,1
1995,1,1,1,12,24,12.400,99.97,-5.1,0,0.3,0,-0.9,0,-9999.9,1,253.3,0,272.1,0,271.4,0,293.4,0,269.1,0,269.2,0,0.0,0,0.3,0,0.0,0,-40.1,0,-40.1,0,-9999.9,1,-9999.9,1,-9999.9,1,-9999.9,1,-9999.9,1
1995,1,1,1,12,27,12.450,99.43,-5.2,0,0.2,0,-0.2,0,-9999.9,1,286.3,0,272.1,0,271.5,0,294.7,0,269.0,0,269.2,0,0.0,0,0.4,0,0.0,0,-8.4,0,-8.4,0,-9999.9,1,-9999.9,1,-9999.9,1,-9999.9,1,-9999.9,1
1995,1,1,1,12,30,12.500,98.90,-4.5,0,0.1,0,0.2,0,-9999.9,1,286.2,0,272.0,0,271.4,0,296.0,0,269.0,0,269.1,0,0.0,0,0.3,0,0.0,0,-9.8,0,-9.8,0,-9999.9,1,-9999.9,1,-9999.9,1,-9999.9,1,-9999.9,1
1995,1,1,1,12,33,12.550,98.37,-4.6,0,0.2,0,0.1,0,-9999.9,1,284.7,0,272.0,0,271.4,0,295.7,0,269.0,0,269.1,0,0.0,0,0.3,0,0.0,0,-11.0,0,-11.0,0,-9999.9,1,-9999.9,1,-9999.9,1,-9999.9,1,-9999.9,1
1995,1,1,1,12,36,12.600,97.85,-4.4,0,0.3,0,-0.1,0,-9999.9,1,286.0,0,272.0,0,271.3,0,295.7,0,269.0,0,269.1,0,0.0,0,0.3,0,0.0,0,-9.7,0,-9.7,0,-9999.9,1,-9999.9,1,-9999.9,1,-9999.9,1,-9999.9,1
1995,1,1,1,12,39,12.650,97.32,-4.3,0,0.6,0,-0.6,0,-9999.9,1,251.6,0,272.0,0,271.2,0,293.7,0,269.0,0,269.0,0,0.0,0,0.3,0,0.0,0,-42.1,0,-42.1,0,-9999.9,1,-9999.9,1,-9999.9,1,-9999.9,1,-9999.9,1
1995,1,1,1,12,42,12.700,96.80,-4.3,0,1.0,0,-2.0,0,-9999.9,1,219.8,0,271.9,0,271.0,0,290.9,0,268.9,0,268.9,0,0.0,0,0.3,0,0.0,0,-71.1,0,-71.1,0,-9999.9,1,-9999.9,1,-9999.9,1,-9999.9,1,-9999.9,1
1995,1,1,1,12,45,12.750,96.28,-4.4,0,1.0,0,-2.2,0,-9999.9,1,215.1,0,271.8,0,270.9,0,289.8,0,268.8,0,268.8,0,0.0,0,0.3,0,0.0,0,-74.7,0,-74.7,0,-9999.9,1,-9999.9,1,-9999.9,1,-9999.9,1,-9999.9,1
1995,1,1,1,12,48,12.800,95.76,-4.5,0,0.9,0,-2.1,0,-9999.9,1,211.6,0,271.6,0,270.8,0,288.2,0,268.6,0,268.7,0,0.0,0,0.4,0,0.0,0,-76.7,0,-76.7,0,-9999.9,1,-9999.9,1,-9999.9,1,-9999.9,1,-9999.9,1
1995,1,1,1,12,51,12.850,95.24,-4.6,0,0.9,0,-1.9,0,-9999.9,1,214.8,0,271.5,0,270.7,0,287.6,0,268.5,0,268.6,0,0.0,0,0.4,0,0.0,0,-72.8,0,-72.8,0,-9999.9,1,-9999.9,1,-9999.9,1,-9999.9,1,-9999.9,1
1995,1,1,1,12,54,12.900,94.72,-4.3,0,0.9,0,-1.3,0,-9999.9,1,233.4,0,271.4,0,270.7,0,288.3,0,268.4,0,268.5,0,0.0,0,0.4,0,0.0,0,-54.9,0,-54.9,0,-9999.9,1,-9999.9,1,-9999.9,1,-9999.9,1,-9999.9,1
1995,1,1,1,12,57,12.950,94.21,-4.6,0,0.6,0,-0.4,0,-9999.9,1,269.9,0,271.3,0,270.7,0,290.5,0,268.3,0,268.4,0,0.0,0,0.5,0,0.0,0,-20.6,0,-20.6,0,-9999.9,1,-9999.9,1,-9999.9,1,-9999.9,1,-9999.9,1
1995,1,1,1,13,0,13.000,93.70,-4.4,0,0.3,0,0.5,0,-9999.9,1,278.8,0,271.3,0,270.8,0,292.0,0,268.3,0,268.4,0,0.0,0,0.5,0,0.0,0,-13.2,0,-13.2,0,-9999.9,1,-9999.9,1,-9999.9,1,-9999.9,1,-9999.9,1
1995,1,1,1,13,3,13.050,93.19,-4.0,0,0.2,0,0.8,0,-9999.9,1,282.9,0,271.3,0,270.8,0,292.9,0,268.3,0,268.5,0,0.0,0,0.6,0,0.0,0,-10.0,0,-10.0,0,-9999.9,1,-9999.9,1,-9999.9,1,-9999.9,1,-9999.9,1
1995,1,1,1,13,6,13.100,92.68,-3.7,0,0.3,0,0.9,0,-9999.9,1,285.9,0,271.3,0,270.9,0,293.6,0,268.4,0,268.5,0,0.0,0,0.8,0,0.0,0,-7.7,0,-7.7,0,-9999.9,1,-9999.9,1,-9999.9,1,-9999.9,1,-9999.9,1
1995,1,1,1,13,9,13.150,92.18,-3.3,0,0.5,0,0.8,0,-9999.9,1,286.8,0,271.4,0,270.9,0,293.9,0,268.4,0,268.6,0,0.0,0,0.9,0,0.0,0,-7.1,0,-7.1,0,-9999.9,1,-9999.9,1,-9999.9,1,-9999.9,1,-9999.9,1
1995,1,1,1,13,12,13.200,91.67,-2.9,0,0.8,0,0.6,0,-9999.9,1,287.5,0,271.4,0,270.9,0,293.9,0,268.5,0,268.6,0,0.0,0,1.2,0,0.0,0,-6.5,0,-6.5,0,-9999.9,1,-9999.9,1,-9999.9,1,-9999.9,1,-9999.9,1
1995,1,1,1,13,15,13.250,91.17,-2.2,0,1.1,0,0.3,0,-9999.9,1,287.5,0,271.5,0,270.9,0,294.0,0,268.5,0,268.6,0,0.0,0,1.5,0,0.0,0,-6.5,0,-6.5,0,-9999.9,1,-9999.9,1,-9999.9,1,-9999.9,1,-9999.9,1
1995,1,1,1,13,18,13.300,89.94,-1.6,0,1.4,0,0.2,0,-9999.9,1,287.6,0,271.5,0,270.9,0,294.2,0,268.5,0,268.7,0,0.2,0,1.9,0,0.0,0,-6.5,0,-6.5,0,-9999.9,1,-9999.9,1,-9999.9,1,-9999.9,1,-9999.9,1
1995,1,1,1,13,21,13.350,89.58,-0.6,0,2.1,0,-0.1,0,-9999.9,1,286.7,0,271.5,0,270.9,0,293.9,0,268.6,0,268.7,0,0.2,0,2.4,0,0.0,1,-7.2,0,-9999.9,1,-9999.9,1,-9999.9,1,-9999.9,1,-9999.9,1,-9999.9,1
1995,1,1,1,13,24,13.400,89.19,1.2,0,3.1,0,-0.5,0,-9999.9,1,284.0,0,271.5,0,270.9,0,293.7,0,268.5,0,268.6,0,0.3,0,3.2,0,0.0,0,-9.7,0,-9.7,0,-9999.9,1,-9999.9,1,-9999.9,1,-9999.9,1,-9999.9,1
1995,1,1,1,13,27,13.450,88.77,2.3,0,3.7,0,-0.6,0,-9999.9,1,283.9,0,271.5,0,270.9,0,293.1,0,268.5,0,268.6,0,0.4,0,3.8,0,0.0,0,-9.2,0,-9.2,0,-9999.9,1,-9999.9,1,-9999.9,1,-9999.9,1,-9999.9,1
1995,1,1,1,13,30,13.500,88.35,3.2,0,4.1,0,-0.4,0,-9999.9,1,286.1,0,271.5,0,270.8,0,293.6,0,268.5,0,268.6,0,0.5,0,4.3,0,0.0,0,-7.5,0,-7.5,0,-9999.9,1,-9999.9,1,-9999.9,1,-9999.9,1,-9999.9,1
1995,1,1,1,13,33,13.550,87.91,4.5,0,4.7,0,-0.2,0,-9999.9,1,285.3,0,271.5,0,270.9,0,293.3,0,268.5,0,268.6,0,0.6,0,5.1,0,0.0,0,-8.0,0,-8.0,0,-9999.9,1,-9999.9,1,-9999.9,1,-9999.9,1,-9999.9,1
1995,1,1,1,13,36,13.600,87.46,6.3,0,5.6,0,-0.1,0,-9999.9,1,282.4,0,271.5,0,271.0,0,293.5,0,268.5,0,268.6,0,0.8,0,6.5,0,0.7,0,-11.1,0,-10.4,0,-9999.9,1,-9999.9,1,-9999.9,1,-9999.9,1,-9999.9,1
1995,1,1,1,13,39,13.650,87.01,11.4,0,7.7,0,-0.3,0,-9999.9,1,282.7,0,271.5,0,271.0,0,293.2,0,268.4,0,268.5,0,0.9,0,8.0,0,3.6,0,-10.4,0,-6.8,0,-9999.9,1,-9999.9,1,-9999.9,1,-9999.9,1,-9999.9,1
1995,1,1,1,13,42,13.700,86.56,11.3,0,7.7,0,-0.1,0,-9999.9,1,282.5,0,271.5,0,271.0,0,293.0,0,268.4,0,268.5,0,1.1,0,8.6,0,3.5,0,-10.5,0,-7.0,0,-9999.9,1,-9999.9,1,-9999.9,1,-9999.9,1,-9999.9,1
1995,1,1,1,13,45,13.750,86.10,15.0,0,9.5,0,-0.3,0,-9999.9,1,280.9,0,271.5,0,271.0,0,292.9,0,268.4,0,268.5,0,1.3,0,10.2,0,5.5,0,-12.0,0,-6.5,0,-9999.9,1,-9999.9,1,-9999.9,1,-9999.9,1,-9999.9,1
1995,1,1,1,13,48,13.800,85.65,19.0,0,11.5,0,-0.2,0,-9999.9,1,279.4,0,271.5,0,271.0,0,292.5,0,268.4,0,268.6,0,1.6,0,11.8,0,7.5,0,-13.1,0,-5.6,0,-9999.9,1,-9999.9,1,-9999.9,1,-9999.9,1,-9999.9,1
1995,1,1,1,13,51,13.850,85.19,24.6,0,14.4,0,-0.4,0,-9999.9,1,279.9,0,271.5,0,271.0,0,292.9,0,268.4,0,268.5,0,1.8,0,13.9,0,10.2,0,-12.9,0,-2.7,0,-9999.9,1,-9999.9,1,-9999.9,1,-9999.9,1,-9999.9,1
1995,1,1,1,13,54,13.900,84.74,26.0,0,15.0,0,-0.1,0,-9999.9,1,283.1,0,271.5,0,271.1,0,293.0,0,268.4,0,268.5,0,1.9,0,14.7,0,11.1,0,-9.9,0,1.1,0,-9999.9,1,-9999.9,1,-9999.9,1,-9999.9,1,-9999.9,1
1995,1,1,1,13,57,13.950,84.29,27.7,0,15.8,0,0.2,0,-9999.9,1,284.9,0,271.6,0,271.2,0,293.8,0,268.4,0,268.6,0,2.0,0,15.5,0,11.9,0,-8.9,0,3.0,0,-9999.9,1,-9999.9,1,-9999.9,1,-9999.9,1,-9999.9,1
1995,1,1,1,14,0,14.000,83.84,28.4,0,16.1,0,0.3,0,-9999.9,1,285.8,0,271.6,0,271.2,0,294.5,0,268.5,0,268.6,0,2.1,0,16.0,0,12.3,0,-8.7,0,3.6,0,-9999.9,1,-9999.9,1,-9999.9,1,-9999.9,1,-9999.9,1
1995,1,1,1,14,3,14.050,83.39,29.0,0,16.3,0,0.2,0,-9999.9,1,286.3,0,271.7,0,271.2,0,293.9,0,268.5,0,268.7,0,2.3,0,16.3,0,12.7,0,-7.6,0,5.2,0,-9999.9,1,-9999.9,1,-9999.9,1,-9999.9,1,-9999.9,1
1995,1,1,1,14,6,14.100,82.94,27.1,0,15.3,0,0.2,0,-9999.9,1,286.2,0,271.7,0,271.3,0,294.4,0,268.5,0,268.7,0,2.6,0,16.1,0,11.7,0,-8.1,0,3.6,0,-9999.9,1,-9999.9,1,-9999.9,1,-9999.9,1,-9999.9,1
1995,1,1,1,14,9,14.150,82.50,35.3,0,19.3,0,-0.1,0,-9999.9,1,282.6,0,271.8,0,271.3,0,294.1,0,268.5,0,268.7,0,3.3,0,19.6,0,16.0,0,-11.5,0,4.5,0,-9999.9,1,-9999.9,1,-9999.9,1,-9999.9,1,-9999.9,1
1995,1,1,1,14,12,14.200,82.06,45.8,0,24.5,0,-0.3,0,-9999.9,1,284.1,0,271.8,0,271.3,0,294.1,0,268.5,0,268.7,0,3.5,0,23.6,0,21.3,0,-10.0,0,11.3,0,-9999.9,1,-9999.9,1,-9999.9,1,-9999.9,1,-9999.9,1
1995,1,1,1,14,15,14.250,81.62,46.8,0,25.0,0,-0.1,0,-9999.9,1,284.4,0,271.8,0,271.3,0,294.3,0,268.6,0,268.7,0,3.8,0,24.3,0,21.8,0,-9.9,0,11.9,0,-9999.9,1,-9999.9,1,-9999.9,1,-9999.9,1,-9999.9,1
1995,1,1,1,14,18,14.300,81.19,49.5,0,26.1,0,-0.1,0,-9999.9,1,285.3,0,271.8,0,271.4,0,294.4,0,268.6,0,268.8,0,4.0,0,25.4,0,23.3,0,-9.1,0,14.2,0,-9999.9,1,-9999.9,1,-9999.9,1,-9999.9,1,-9999.9,1
1995,1,1,1,14,21,14.350,80.75,48.2,0,26.1,0,-0.1,0,-9999.9,1,285.7,0,271.8,0,271.4,0,294.6,0,268.6,0,268.8,0,4.2,0,25.6,0,22.1,0,-8.9,0,13.3,0,-9999.9,1,-9999.9,1,-9999.9,1,-9999.9,1,-9999.9,1
1995,1,1,1,14,24,14.400,80.33,53.2,0,28.4,0,-0.6,0,-9999.9,1,282.9,0,271.8,0,271.3,0,294.2,0,268.6,0,268.8,0,4.8,0,27.5,0,24.9,0,-11.3,0,13.6,0,-9999.9,1,-9999.9,1,-9999.9,1,-9999.9,1,-9999.9,1
1995,1,1,1,14,27,14.450,79.90,63.3,0,33.2,0,-1.0,0,-9999.9,1,280.3,0,271.8,0,271.3,0,293.8,0,268.5,0,268.7,0,5.5,0,31.8,0,30.0,0,-13.5,0,16.5,0,-9999.9,1,-9999.9,1,-9999.9,1,-9999.9,1,-9999.9,1
1995,1,1,1,14,30,14.500,79.48,74.6,0,38.6,0,-0.5,0,-9999.9,1,278.7,0,271.8,0,271.3,0,293.5,0,268.5,0,268.7,0,6.1,0,36.5,0,36.0,0,-14.8,0,21.2,0,-9999.9,1,-9999.9,1,-9999.9,1,-9999.9,1,-9999.9,1
1995,1,1,1,14,33,14.550,79.06,79.4,0,40.8,0,-0.1,0,-9999.9,1,282.5,0,271.9,0,271.4,0,294.0,0,268.5,0,268.7,0,6.2,0,38.6,0,38.5,0,-11.4,0,27.1,0,-9999.9,1,-9999.9,1,-9999.9,1,-9999.9,1,-9999.9,1
1995,1,1,1,14,36,14.600,78.64,77.8,0,40.3,0,-0.2,0,-9999.9,1,283.8,0,271.9,0,271.4,0,293.7,0,268.5,0,268.7,0,6.3,0,38.2,0,37.5,0,-10.0,0,27.5,0,-9999.9,1,-9999.9,1,-9999.9,1,-9999.9,1,-9999.9,1
1995,1,1,1,14,39,14.650,78.23,72.8,0,38.2,0,-0.8,0,-9999.9,1,286.0,0,271.9,0,271.3,0,293.7,0,268.4,0,268.6,0,6.0,0,36.4,0,34.6,0,-7.7,0,26.9,0,-9999.9,1,-9999.9,1,-9999.9,1,-9999.9,1,-9999.9,1
1995,1,1,1,14,42,14.700,77.82,66.9,0,35.6,0,-0.9,0,-9999.9,1,286.5,0,271.8,0,271.2,0,293.6,0,268.4,0,268.6,0,5.8,0,34.1,0,31.3,0,-7.1,0,24.2,0,-9999.9,1,-9999.9,1,-9999.9,1,-9999.9,1,-9999.9,1
1995,1,1,1,14,45,14.750,77.42,63.8,0,33.8,0,-0.7,0,-9999.9,1,286.3,0,271.8,0,271.2,0,293.6,0,268.4,0,268.6,0,5.9,0,32.9,0,30.0,0,-7.3,0,22.7,0,-9999.9,1,-9999.9,1,-9999.9,1,-9999.9,1,-9999.9,1
1995,1,1,1,14,48,14.800,77.02,71.2,0,37.3,0,-0.8,0,-9999.9,1,285.6,0,271.8,0,271.1,0,293.2,0,268.3,0,268.5,0,6.8,0,36.1,0,33.9,0,-7.6,0,26.3,0,-9999.9,1,-9999.9,1,-9999.9,1,-9999.9,1,-9999.9,1
1995,1,1,1,14,51,14.850,76.62,76.6,0,40.2,0,-0.4,0,-9999.9,1,285.0,0,271.7,0,271.2,0,293.3,0,268.3,0,268.5,0,7.3,0,38.7,0,36.4,0,-8.2,0,28.1,0,-9999.9,1,-9999.9,1,-9999.9,1,-9999.9,1,-9999.9,1
1995,1,1,1,14,54,14.900,76.23,81.7,0,42.2,0,-0.2,0,-9999.9,1,284.8,0,271.7,0,271.2,0,293.5,0,268.3,0,268.6,0,7.6,0,40.9,0,39.4,0,-8.7,0,30.7,0,-9999.9,1,-9999.9,1,-9999.9,1,-9999.9,1,-9999.9,1
1995,1,1,1,14,57,14.950,75.84,86.0,0,44.8,0,-0.2,0,-9999.9,1,284.7,0,271.7,0,271.2,0,293.5,0,268.3,0,268.6,0,8.0,0,43.2,0,41.3,0,-8.8,0,32.5,0,-9999.9,1,-9999.9,1,-9999.9,1,-9999.9,1,-9999.9,1
1995,1,1,1,15,0,15.000,75.46,92.2,0,47.4,0,-0.2,0,-9999.9,1,284.7,0,271.7,0,271.2,0,293.5,0,268.3,0,268.6,0,8.6,0,45.8,0,44.9,0,-8.8,0,36.1,0,-9999.9,1,-9999.9,1,-9999.9,1,-9999.9,1,-9999.9,1
1995,1,1,1,15,3,15.050,75.08,80.5,0,42.1,0,-0.1,0,-9999.9,1,285.5,0,271.7,0,271.3,0,293.9,0,268.4,0,268.6,0,7.6,0,41.2,0,38.5,0,-8.5,0,30.0,0,-9999.9,1,-9999.9,1,-9999.9,1,-9999.9,1,-9999.9,1
1995,1,1,1,15,6,15.100,74.70,66.3,0,35.3,0,-0.4,0,-9999.9,1,286.4,0,271.8,0,271.2,0,293.9,0,268.4,0,268.6,0,6.7,0,35.1,0,31.0,0,-7.4,0,23.5,0,-9999.9,1,-9999.9,1,-9999.9,1,-9999.9,1,-9999.9,1
1995,1,1,1,15,9,15.150,74.33,64.0,0,34.6,0,-1.4,0,-9999.9,1,286.7,0,271.7,0,271.1,0,293.4,0,268.4,0,268.5,0,6.9,0,34.1,0,29.4,0,-6.7,0,22.7,0,-9999.9,1,-9999.9,1,-9999.9,1,-9999.9,1,-9999.9,1
1995,1,1,1,15,12,15.200,73.97,72.5,0,38.7,0,-1.1,0,-9999.9,1,286.0,0,271.7,0,271.1,0,293.1,0,268.3,0,268.5,0,7.7,0,37.9,0,33.8,0,-7.1,0,26.7,0,-9999.9,1,-9999.9,1,-9999.9,1,-9999.9,1,-9999.9,1
1995,1,1,1,15,15,15.250,73.60,76.9,0,41.2,0,-1.5,0,-9999.9,1,285.9,0,271.7,0,271.0,0,292.6,0,268.2,0,268.4,0,8.3,0,40.0,0,35.8,0,-6.7,0,29.1,0,-9999.9,1,-9999.9,1,-9999.9,1,-9999.9,1,-9999.9,1
1995,1,1,1,15,18,15.300,73.25,84.9,0,45.2,0,-1.7,0,-9999.9,1,285.0,0,271.6,0,270.9,0,292.1,0,268.1,0,268.3,0,9.4,0,43.5,0,39.7,0,-7.1,0,32.6,0,-9999.9,1,-9999.9,1,-9999.9,1,-9999.9,1,-9999.9,1
1995,1,1,1,15,21,15.350,72.89,99.9,0,51.9,0,-0.8,0,-9999.9,1,283.9,0,271.6,0,271.0,0,292.0,0,268.0,0,268.2,0,11.1,0,50.0,0,48.0,0,-8.1,0,39.9,0,-9999.9,1,-9999.9,1,-9999.9,1,-9999.9,1,-9999.9,1
1995,1,1,1,15,24,15.400,72.55,108.3,0,55.9,0,-0.5,0,-9999.9,1,283.5,0,271.5,0,271.0,0,292.0,0,268.0,0,268.2,0,11.8,0,53.9,0,52.4,0,-8.5,0,43.9,0,-9999.9,1,-9999.9,1,-9999.9,1,-9999.9,1,-9999.9,1
1995,1,1,1,15,27,15.450,72.21,112.6,0,57.9,0,-0.7,0,-9999.9,1,282.7,0,271.5,0,271.0,0,291.8,0,267.9,0,268.2,0,12.3,0,55.9,0,54.8,0,-9.1,0,45.7,0,-9999.9,1,-9999.9,1,-9999.9,1,-9999.9,1,-9999.9,1
1995,1,1,1,15,30,15.500,71.87,111.0,0,57.2,0,-0.3,0,-9999.9,1,282.7,0,271.5,0,271.0,0,291.9,0,267.9,0,268.1,0,12.0,0,55.6,0,53.7,0,-9.2,0,44.5,0,-9999.9,1,-9999.9,1,-9999.9,1,-9999.9,1,-9999.9,1
1995,1,1,1,15,33,15.550,71.54,109.4,0,56.6,0,-0.4,0,-9999.9,1,282.8,0,271.5,0,271.0,0,292.0,0,267.9,0,268.1,0,12.1,0,55.3,0,52.8,0,-9.2,0,43.6,0,-9999.9,1,-9999.9,1,-9999.9,1,-9999.9,1,-9999.9,1
1995,1,1,1,15,36,15.600,71.21,115.2,0,59.2,0,-0.9,0,-9999.9,1,283.0,0,271.4,0,270.9,0,291.7,0,267.8,0,268.1,0,12.8,0,57.5,0,56.0,0,-8.7,0,47.3,0,-9999.9,1,-9999.9,1,-9999.9,1,-9999.9,1,-9999.9,1
1995,1,1,1,15,39,15.650,70.89,120.3,0,61.8,0,-1.0,0,-9999.9,1,282.4,0,271.4,0,270.9,0,291.4,0,267.8,0,268.0,0,13.7,0,59.9,0,58.5,0,-9.1,0,49.4,0,-9999.9,1,-9999.9,1,-9999.9,1,-9999.9,1,-9999.9,1
1995,1,1,1,15,42,15.700,70.57,115.2,0,59.8,0,-1.1,0,-9999.9,1,282.8,0,271.4,0,270.8,0,291.4,0,267.7,0,268.0,0,13.3,0,58.1,0,55.4,0,-8.5,0,46.9,0,-9999.9,1,-9999.9,1,-9999.9,1,-9999.9,1,-9999.9,1
1995,1,1,1,15,45,15.750,70.26,112.4,0,58.1,0,-0.8,0,-9999.9,1,282.9,0,271.3,0,270.8,0,291.4,0,267.7,0,267.9,0,13.2,0,56.8,0,54.3,0,-8.5,0,45.8,0,-9999.9,1,-9999.9,1,-9999.9,1,-9999.9,1,-9999.9,1
1995,1,1,1,15,48,15.800,69.96,116.9,0,60.4,0,-0.5,0,-9999.9,1,282.8,0,271.3,0,270.8,0,291.4,0,267.7,0,267.9,0,13.9,0,59.1,0,56.5,0,-8.6,0,47.9,0,-9999.9,1,-9999.9,1,-9999.9,1,-9999.9,1,-9999.9,1
1995,1,1,1,15,51,15.850,69.66,126.2,0,64.9,0,-0.3,0,-9999.9,1,282.1,0,271.3,0,270.9,0,291.6,0,267.7,0,268.0,0,15.0,0,63.2,0,61.3,0,-9.5,0,51.8,0,-9999.9,1,-9999.9,1,-9999.9,1,-9999.9,1,-9999.9,1
1995,1,1,1,15,54,15.900,69.36,133.8,0,68.5,0,-0.2,0,-9999.9,1,282.1,0,271.3,0,270.9,0,291.8,0,267.7,0,268.0,0,15.7,0,66.8,0,65.3,0,-9.7,0,55.6,0,-9999.9,1,-9999.9,1,-9999.9,1,-9999.9,1,-9999.9,1
1995,1,1,1,15,57,15.950,69.07,136.5,0,69.9,0,-0.2,0,-9999.9,1,282.3,0,271.3,0,270.9,0,291.9,0,267.7,0,268.0,0,16.3,0,68.2,0,66.6,0,-9.6,0,57.0,0,-9999.9,1,-9999.9,1,-9999.9,1,-9999.9,1,-9999.9,1
1995,1,1,1,16,0,16.000,68.79,162.5,0,82.0,0,-0.2,0,-9999.9,1,281.4,0,271.3,0,270.8,0,291.6,0,267.8,0,268.0,0,18.7,0,79.0,0,80.5,0,-10.3,0,70.3,0,-9999.9,1,-9999.9,1,-9999.9,1,-9999.9,1,-9999.9,1
1995,1,1,1,16,3,16.050,68.51,176.6,0,88.3,0,-0.7,0,-9999.9,1,281.3,0,271.3,0,270.8,0,291.3,0,267.7,0,268.0,0,20.3,0,84.7,0,88.3,0,-10.0,0,78.2,0,-9999.9,1,-9999.9,1,-9999.9,1,-9999.9,1,-9999.9,1
1995,1,1,1,16,6,16.100,68.24,190.8,0,95.0,0,-0.7,0,-9999.9,1,280.0,0,271.3,0,270.8,0,291.4,0,267.7,0,268.0,0,22.1,0,90.8,0,95.8,0,-11.4,0,84.4,0,-9999.9,1,-9999.9,1,-9999.9,1,-9999.9,1,-9999.9,1
1995,1,1,1,16,9,16.150,67.98,198.8,0,98.5,0,-0.8,0,-9999.9,1,279.5,0,271.4,0,270.8,0,291.4,0,267.7,0,268.0,0,23.3,0,94.1,0,100.3,0,-11.9,0,88.4,0,-9999.9,1,-9999.9,1,-9999.9,1,-9999.9,1,-9999.9,1
1995,1,1,1,16,12,16.200,67.72,217.6,0,106.7,0,-0.4,0,-9999.9,1,278.4,0,271.4,0,271.3,0,291.6,0,267.7,0,268.1,0,25.2,0,101.9,0,111.0,0,-13.2,0,97.7,0,-9999.9,1,-9999.9,1,-9999.9,1,-9999.9,1,-9999.9,1
1995,1,1,1,16,15,16.250,67.47,232.8,0,112.7,0,0.0,0,-9999.9,1,278.9,0,271.4,0,270.8,0,291.8,0,267.7,0,268.1,0,26.3,0,107.5,0,120.1,0,-12.8,0,107.3,0,-9999.9,1,-9999.9,1,-9999.9,1,-9999.9,1,-9999.9,1
1995,1,1,1,16,18,16.300,67.22,242.0,0,117.5,0,0.0,0,-9999.9,1,276.6,0,271.4,0,270.7,0,292.0,0,267.8,0,268.2,0,27.6,0,112.1,0,124.5,0,-15.3,0,109.1,0,-9999.9,1,-9999.9,1,-9999.9,1,-9999.9,1,-9999.9,1
1995,1,1,1,16,21,16.350,66.98,231.4,0,112.0,0,-0.2,0,-9999.9,1,259.5,0,271.4,0,270.8,0,291.6,0,267.8,0,268.2,0,29.7,0,107.3,0,119.4,0,-32.2,0,87.2,0,-9999.9,1,-9999.9,1,-9999.9,1,-9999.9,1,-9999.9,1
1995,1,1,1,16,24,16.400,66.75,223.0,0,106.8,0,-0.6,0,-9999.9,1,239.8,0,271.4,0,270.8,0,290.5,0,267.8,0,268.2,0,31.4,0,104.1,0,116.2,0,-50.7,0,65.5,0,-9999.9,1,-9999.9,1,-9999.9,1,-9999.9,1,-9999.9,1
1995,1,1,1,16,27,16.450,66.52,192.7,0,92.9,0,-1.7,0,-9999.9,1,225.7,0,271.4,0,270.7,0,289.1,0,267.8,0,268.1,0,31.7,0,92.7,0,99.7,0,-63.4,0,36.4,0,-9999.9,1,-9999.9,1,-9999.9,1,-9999.9,1,-9999.9,1
1995,1,1,1,16,30,16.500,66.30,201.3,0,100.2,0,-1.5,0,-9999.9,1,229.3,0,271.4,0,270.7,0,288.6,0,267.7,0,268.1,0,32.1,0,97.6,0,101.1,0,-59.3,0,41.8,0,-9999.9,1,-9999.9,1,-9999.9,1,-9999.9,1,-9999.9,1
1995,1,1,1,16,33,16.550,66.09,207.2,0,100.3,0,0.0,0,-9999.9,1,228.7,0,271.4,0,270.7,0,289.0,0,267.7,0,268.1,0,32.7,0,99.6,0,107.0,0,-60.3,0,46.7,0,-9999.9,1,-9999.9,1,-9999.9,1,-9999.9,1,-9999.9,1
1995,1,1,1,16,36,16.600,65.88,382.7,0,179.9,0,2.8,0,-9999.9,1,215.3,0,271.4,0,271.1,0,289.6,0,267.8,0,268.3,0,37.0,0,167.9,0,202.8,0,-74.3,0,128.5,0,-9999.9,1,-9999.9,1,-9999.9,1,-9999.9,1,-9999.9,1
1995,1,1,1,16,39,16.650,65.68,300.7,0,142.1,0,3.7,0,-9999.9,1,213.5,0,271.7,0,271.3,0,290.1,0,268.0,0,268.5,0,36.8,0,138.0,0,158.6,0,-76.6,0,82.0,0,-9999.9,1,-9999.9,1,-9999.9,1,-9999.9,1,-9999.9,1
1995,1,1,1,16,42,16.700,65.49,292.2,0,138.3,0,1.9,0,-9999.9,1,209.8,0,271.8,0,271.1,0,288.8,0,267.9,0,268.3,0,37.2,0,136.0,0,153.9,0,-79.0,0,74.9,0,-9999.9,1,-9999.9,1,-9999.9,1,-9999.9,1,-9999.9,1
1995,1,1,1,16,45,16.750,65.30,395.2,0,192.5,0,5.1,0,-9999.9,1,206.2,0,272.0,0,271.6,0,290.5,0,268.0,0,268.7,0,39.8,0,175.9,0,202.6,0,-84.3,0,118.4,0,-9999.9,1,-9999.9,1,-9999.9,1,-9999.9,1,-9999.9,1
1995,1,1,1,16,48,16.800,65.12,358.9,0,168.5,0,5.0,0,-9999.9,1,206.2,0,272.2,0,271.7,0,290.5,0,268.2,0,268.7,0,39.7,0,162.3,0,190.4,0,-84.3,0,106.1,0,-9999.9,1,-9999.9,1,-9999.9,1,-9999.9,1,-9999.9,1
1995,1,1,1,16,51,16.850,64.95,330.1,0,157.6,0,4.0,0,-9999.9,1,207.9,0,272.4,0,271.8,0,290.1,0,268.2,0,268.7,0,39.3,0,151.2,0,172.5,0,-82.2,0,90.3,0,-9999.9,1,-9999.9,1,-9999.9,1,-9999.9,1,-9999.9,1
1995,1,1,1,16,54,16.900,64.78,284.2,0,135.4,0,3.1,0,-9999.9,1,211.8,0,272.5,0,271.8,0,290.0,0,268.2,0,268.6,0,38.6,0,134.6,0,148.8,0,-78.1,0,70.6,0,-9999.9,1,-9999.9,1,-9999.9,1,-9999.9,1,-9999.9,1
1995,1,1,1,16,57,16.950,64.63,416.5,0,195.5,0,4.9,0,-9999.9,1,209.9,0,272.5,0,272.0,0,290.6,0,268.2,0,268.8,0,41.8,0,184.0,0,221.0,0,-80.7,0,140.3,0,-9999.9,1,-9999.9,1,-9999.9,1,-9999.9,1,-9999.9,1
1995,1,1,1,17,0,17.000,64.47,469.9,0,219.0,0,7.3,0,-9999.9,1,210.1,0,272.7,0,272.5,0,291.9,0,268.3,0,269.0,0,43.7,0,205.8,0,250.9,0,-81.8,0,169.1,0,-9999.9,1,-9999.9,1,-9999.9,1,-9999.9,1,-9999.9,1
1995,1,1,1,17,3,17.050,64.33,405.0,0,199.0,0,6.2,0,-9999.9,1,218.8,0,273.0,0,272.6,0,292.8,0,268.5,0,269.1,0,43.1,0,183.8,0,206.0,0,-74.0,0,132.0,0,-9999.9,1,-9999.9,1,-9999.9,1,-9999.9,1,-9999.9,1
1995,1,1,1,17,6,17.100,64.19,392.8,0,186.9,0,5.5,0,-9999.9,1,228.0,0,273.2,0,272.8,0,293.4,0,268.6,0,269.2,0,42.4,0,175.6,0,205.9,0,-65.4,0,140.5,0,-9999.9,1,-9999.9,1,-9999.9,1,-9999.9,1,-9999.9,1
1995,1,1,1,17,9,17.150,64.06,290.0,0,143.1,0,-0.1,0,-9999.9,1,237.8,0,273.2,0,272.5,0,292.2,0,268.5,0,268.9,0,39.6,0,135.6,0,146.9,0,-54.4,0,92.5,0,-9999.9,1,-9999.9,1,-9999.9,1,-9999.9,1,-9999.9,1
1995,1,1,1,17,12,17.200,63.94,313.9,0,153.8,0,-0.5,0,-9999.9,1,259.3,0,273.1,0,272.5,0,293.0,0,268.4,0,268.9,0,37.5,0,144.8,0,160.1,0,-33.8,0,126.4,0,-9999.9,1,-9999.9,1,-9999.9,1,-9999.9,1,-9999.9,1
1995,1,1,1,17,15,17.250,63.83,286.6,0,140.8,0,-1.1,0,-9999.9,1,271.2,0,273.0,0,272.4,0,293.2,0,268.4,0,268.8,0,34.6,0,135.6,0,145.9,0,-22.0,0,123.8,0,-9999.9,1,-9999.9,1,-9999.9,1,-9999.9,1,-9999.9,1
1995,1,1,1,17,18,17.300,63.72,257.5,0,127.1,0,-1.5,0,-9999.9,1,268.9,0,272.8,0,272.4,0,292.8,0,268.3,0,268.7,0,34.2,0,122.7,0,130.4,0,-23.9,0,106.5,0,-9999.9,1,-9999.9,1,-9999.9,1,-9999.9,1,-9999.9,1
1995,1,1,1,17,21,17.350,63.62,262.8,0,129.8,0,-0.5,0,-9999.9,1,277.0,0,272.7,0,272.4,0,293.4,0,268.3,0,268.7,0,31.4,0,126.5,0,133.0,0,-16.4,0,116.6,0,-9999.9,1,-9999.9,1,-9999.9,1,-9999.9,1,-9999.9,1
1995,1,1,1,17,24,17.400,63.53,232.4,0,116.3,0,-1.0,0,-9999.9,1,278.2,0,272.6,0,272.3,0,293.7,0,268.3,0,268.7,0,29.4,0,113.1,0,116.1,0,-15.5,0,100.6,0,-9999.9,1,-9999.9,1,-9999.9,1,-9999.9,1,-9999.9,1
1995,1,1,1,17,27,17.450,63.44,279.1,0,137.6,0,-1.5,0,-9999.9,1,275.1,0,272.6,0,272.1,0,293.2,0,268.3,0,268.7,0,34.0,0,132.4,0,141.5,0,-18.1,0,123.4,0,-9999.9,1,-9999.9,1,-9999.9,1,-9999.9,1,-9999.9,1
1995,1,1,1,17,30,17.500,63.37,294.7,0,146.6,0,-1.1,0,-9999.9,1,277.5,0,272.5,0,272.2,0,293.6,0,268.3,0,268.7,0,33.7,0,140.5,0,148.1,0,-16.1,0,132.0,0,-9999.9,1,-9999.9,1,-9999.9,1,-9999.9,1,-9999.9,1
1995,1,1,1,17,33,17.550,63.30,317.2,0,157.5,0,-0.7,0,-9999.9,1,278.2,0,272.5,0,272.2,0,293.9,0,268.3,0,268.8,0,34.3,0,151.9,0,159.7,0,-15.7,0,144.0,0,-9999.9,1,-9999.9,1,-9999.9,1,-9999.9,1,-9999.9,1
1995,1,1,1,17,36,17.600,63.23,314.2,0,155.0,0,-0.5,0,-9999.9,1,278.2,0,272.5,0,272.3,0,294.1,0,268.4,0,268.9,0,34.6,0,151.0,0,159.2,0,-16.0,0,143.2,0,-9999.9,1,-9999.9,1,-9999.9,1,-9999.9,1,-9999.9,1
1995,1,1,1,17,39,17.650,63.18,267.9,0,132.6,0,-1.0,0,-9999.9,1,278.3,0,272.5,0,272.2,0,294.6,0,268.4,0,268.9,0,32.9,0,130.7,0,135.3,0,-16.3,0,119.0,0,-9999.9,1,-9999.9,1,-9999.9,1,-9999.9,1,-9999.9,1
1995,1,1,1,17,42,17.700,63.13,229.5,0,114.4,0,-2.5,0,-9999.9,1,279.1,0,272.5,0,272.1,0,294.1,0,268.4,0,268.8,0,29.8,0,112.3,0,115.1,0,-15.0,0,100.0,0,-9999.9,1,-9999.9,1,-9999.9,1,-9999.9,1,-9999.9,1
1995,1,1,1,17,45,17.750,63.09,184.7,0,93.6,0,-3.6,0,-9999.9,1,280.2,0,272.4,0,271.8,0,293.5,0,268.3,0,268.6,0,27.2,0,91.4,0,91.1,0,-13.2,0,77.9,0,-9999.9,1,-9999.9,1,-9999.9,1,-9999.9,1,-9999.9,1
1995,1,1,1,17,48,17.800,63.06,192.3,0,97.7,0,-3.5,0,-9999.9,1,278.8,0,272.3,0,271.8,0,292.8,0,268.2,0,268.5,0,28.6,0,94.2,0,94.6,0,-14.0,0,80.6,0,-9999.9,1,-9999.9,1,-9999.9,1,-9999.9,1,-9999.9,1
1995,1,1,1,17,51,17.850,63.04,225.5,0,111.1,0,-1.1,0,-9999.9,1,272.3,0,272.2,0,271.8,0,292.6,0,268.1,0,268.5,0,33.5,0,108.5,0,114.5,0,-20.3,0,94.1,0,-9999.9,1,-9999.9,1,-9999.9,1,-9999.9,1,-9999.9,1
1995,1,1,1,17,54,17.900,63.02,224.2,0,111.2,0,-2.0,0,-9999.9,1,276.1,0,272.2,0,271.7,0,292.0,0,268.1,0,268.4,0,32.0,0,108.8,0,112.9,0,-15.9,0,97.0,0,-9999.9,1,-9999.9,1,-9999.9,1,-9999.9,1,-9999.9,1
1995,1,1,1,17,57,17.950,63.02,211.4,0,105.0,0,-2.5,0,-9999.9,1,276.7,0,272.1,0,271.5,0,292.1,0,268.0,0,268.3,0,30.6,0,102.9,0,106.3,0,-15.3,0,91.0,0,-9999.9,1,-9999.9,1,-9999.9,1,-9999.9,1,-9999.9,1
1995,1,1,1,18,0,18.000,63.02,191.4,0,95.4,0,-1.9,0,-9999.9,1,276.7,0,272.0,0,271.5,0,291.5,0,267.9,0,268.2,0,29.5,0,93.6,0,95.9,0,-14.8,0,81.2,0,-9999.9,1,-9999.9,1,-9999.9,1,-9999.9,1,-9999.9,1
1995,1,1,1,18,3,18.050,63.02,222.1,0,109.4,0,-1.3,0,-9999.9,1,272.5,0,271.9,0,271.5,0,291.7,0,267.8,0,268.2,0,32.0,0,106.6,0,112.7,0,-19.2,0,93.5,0,-9999.9,1,-9999.9,1,-9999.9,1,-9999.9,1,-9999.9,1
1995,1,1,1,18,6,18.100,63.04,253.9,0,123.5,0,-0.3,0,-9999.9,1,275.1,0,271.9,0,271.6,0,292.0,0,267.8,0,268.3,0,32.2,0,120.9,0,130.4,0,-16.9,0,113.5,0,-9999.9,1,-9999.9,1,-9999.9,1,-9999.9,1,-9999.9,1
1995,1,1,1,18,9,18.150,63.06,263.0,0,128.3,0,-0.1,0,-9999.9,1,275.1,0,271.9,0,271.7,0,292.2,0,267.8,0,268.3,0,31.9,0,125.4,0,134.7,0,-17.1,0,117.6,0,-9999.9,1,-9999.9,1,-9999.9,1,-9999.9,1,-9999.9,1
1995,1,1,1,18,12,18.200,63.09,265.6,0,129.4,0,-0.7,0,-9999.9,1,269.3,0,272.0,0,271.6,0,292.1,0,267.9,0,268.3,0,33.4,0,124.7,0,136.2,0,-22.7,0,113.4,0,-9999.9,1,-9999.9,1,-9999.9,1,-9999.9,1,-9999.9,1
1995,1,1,1,18,15,18.250,63.13,244.9,0,120.5,0,-1.9,0,-9999.9,1,275.3,0,271.9,0,271.5,0,291.6,0,267.8,0,268.2,0,30.5,0,117.4,0,124.4,0,-16.4,0,108.0,0,-9999.9,1,-9999.9,1,-9999.9,1,-9999.9,1,-9999.9,1
1995,1,1,1,18,18,18.300,63.18,234.4,0,115.6,0,-1.3,0,-9999.9,1,274.1,0,271.9,0,271.5,0,291.7,0,267.8,0,268.2,0,30.1,0,112.8,0,118.8,0,-17.5,0,101.3,0,-9999.9,1,-9999.9,1,-9999.9,1,-9999.9,1,-9999.9,1
1995,1,1,1,18,21,18.350,63.23,290.5,0,139.8,0,-1.1,0,-9999.9,1,272.2,0,271.9,0,271.5,0,291.8,0,267.8,0,268.2,0,33.4,0,136.5,0,150.7,0,-19.6,0,131.1,0,-9999.9,1,-9999.9,1,-9999.9,1,-9999.9,1,-9999.9,1
1995,1,1,1,18,24,18.400,63.29,304.3,0,145.8,0,-0.4,0,-9999.9,1,267.3,0,271.9,0,271.6,0,291.8,0,267.8,0,268.3,0,35.2,0,142.4,0,158.5,0,-24.6,0,133.9,0,-9999.9,1,-9999.9,1,-9999.9,1,-9999.9,1,-9999.9,1
1995,1,1,1,18,27,18.450,63.36,293.2,0,147.6,0,0.4,0,-9999.9,1,239.2,0,271.9,0,271.6,0,290.3,0,267.8,0,268.2,0,39.0,0,136.1,0,145.6,0,-51.1,0,94.4,0,-9999.9,1,-9999.9,1,-9999.9,1,-9999.9,1,-9999.9,1
1995,1,1,1,18,30,18.500,63.44,286.8,0,139.9,0,-1.5,0,-9999.9,1,243.3,0,271.9,0,271.5,0,290.4,0,267.8,0,268.2,0,38.2,0,132.4,0,146.8,0,-47.0,0,99.8,0,-9999.9,1,-9999.9,1,-9999.9,1,-9999.9,1,-9999.9,1
1995,1,1,1,18,33,18.550,63.52,476.0,0,224.1,0,7.9,0,-9999.9,1,237.3,0,271.9,0,271.8,0,290.4,0,267.7,0,268.3,0,41.6,0,206.8,0,251.9,0,-53.1,0,198.8,0,-9999.9,1,-9999.9,1,-9999.9,1,-9999.9,1,-9999.9,1
1995,1,1,1,18,36,18.600,63.62,494.5,0,225.5,0,10.9,0,-9999.9,1,263.7,0,272.3,0,272.6,0,294.4,0,268.0,0,268.8,0,38.5,0,215.9,0,269.0,0,-30.7,0,238.3,0,-9999.9,1,-9999.9,1,-9999.9,1,-9999.9,1,-9999.9,1
1995,1,1,1,18,39,18.650,63.71,237.5,0,115.3,0,0.4,0,-9999.9,1,258.7,0,272.4,0,271.9,0,292.2,0,268.0,0,268.4,0,31.7,0,114.7,0,122.3,0,-33.5,0,88.7,0,-9999.9,1,-9999.9,1,-9999.9,1,-9999.9,1,-9999.9,1
1995,1,1,1,18,42,18.700,63.82,208.7,0,103.5,0,-4.0,0,-9999.9,1,250.5,0,272.3,0,271.5,0,290.0,0,267.8,0,268.1,0,31.6,0,100.6,0,105.2,0,-39.5,0,65.7,0,-9999.9,1,-9999.9,1,-9999.9,1,-9999.9,1,-9999.9,1
1995,1,1,1,18,45,18.750,63.94,377.4,0,180.8,0,8.0,0,-9999.9,1,223.9,0,272.2,0,271.7,0,288.8,0,267.7,0,268.2,0,38.0,0,167.3,0,196.5,0,-64.8,0,131.7,0,-9999.9,1,-9999.9,1,-9999.9,1,-9999.9,1,-9999.9,1
1995,1,1,1,18,48,18.800,64.06,496.4,0,236.7,0,18.2,0,-9999.9,1,227.4,0,272.3,0,272.3,0,291.6,0,267.8,0,268.6,0,41.2,0,214.6,0,259.7,0,-64.2,0,195.5,0,-9999.9,1,-9999.9,1,-9999.9,1,-9999.9,1,-9999.9,1
1995,1,1,1,18,51,18.850,64.19,329.2,0,161.0,0,3.7,0,-9999.9,1,239.6,0,272.5,0,272.2,0,291.2,0,267.9,0,268.5,0,37.2,0,151.7,0,168.2,0,-51.5,0,116.6,0,-9999.9,1,-9999.9,1,-9999.9,1,-9999.9,1,-9999.9,1
1995,1,1,1,18,54,18.900,64.32,256.2,0,124.9,0,-1.1,0,-9999.9,1,242.2,0,272.5,0,271.9,0,290.5,0,267.9,0,268.3,0,33.1,0,120.7,0,131.3,0,-48.3,0,83.1,0,-9999.9,1,-9999.9,1,-9999.9,1,-9999.9,1,-9999.9,1
1995,1,1,1,18,57,18.950,64.47,209.4,0,102.8,0,-2.1,0,-9999.9,1,257.4,0,272.4,0,271.8,0,290.1,0,267.8,0,268.1,0,28.8,0,101.6,0,106.6,0,-32.7,0,73.9,0,-9999.9,1,-9999.9,1,-9999.9,1,-9999.9,1,-9999.9,1
1995,1,1,1,19,0,19.000,64.62,212.5,0,103.4,0,-1.9,0,-9999.9,1,247.7,0,272.2,0,271.6,0,289.7,0,267.7,0,268.0,0,30.2,0,102.4,0,109.1,0,-42.0,0,67.0,0,-9999.9,1,-9999.9,1,-9999.9,1,-9999.9,1,-9999.9,1
1995,1,1,1,19,3,19.050,64.78,238.3,0,114.9,0,-1.6,0,-9999.9,1,237.9,0,272.1,0,271.5,0,288.4,0,267.6,0,268.0,0,32.4,0,113.5,0,123.4,0,-50.5,0,72.9,0,-9999.9,1,-9999.9,1,-9999.9,1,-9999.9,1,-9999.9,1
1995,1,1,1,19,6,19.100,64.94,324.3,0,154.1,0,4.6,0,-9999.9,1,240.8,0,272.0,0,271.5,0,289.2,0,267.6,0,268.0,0,34.0,0,147.9,0,170.2,0,-48.4,0,121.8,0,-9999.9,1,-9999.9,1,-9999.9,1,-9999.9,1,-9999.9,1
1995,1,1,1,19,9,19.150,65.11,212.0,0,102.5,0,-1.8,0,-9999.9,1,226.3,0,271.9,0,271.2,0,287.5,0,267.5,0,267.8,0,31.9,0,102.2,0,109.5,0,-61.2,0,48.4,0,-9999.9,1,-9999.9,1,-9999.9,1,-9999.9,1,-9999.9,1
1995,1,1,1,19,12,19.200,65.29,351.6,0,164.4,0,15.2,0,-9999.9,1,218.9,0,271.8,0,271.4,0,287.8,0,267.4,0,267.9,0,33.9,0,156.7,0,187.3,0,-68.9,0,118.3,0,-9999.9,1,-9999.9,1,-9999.9,1,-9999.9,1,-9999.9,1
1995,1,1,1,19,15,19.250,65.48,329.4,0,156.8,0,18.9,0,-9999.9,1,213.6,0,271.9,0,271.6,0,288.5,0,267.5,0,268.1,0,33.0,0,146.1,0,172.5,0,-74.8,0,97.7,0,-9999.9,1,-9999.9,1,-9999.9,1,-9999.9,1,-9999.9,1
1995,1,1,1,19,18,19.300,65.67,244.1,0,116.2,0,7.6,0,-9999.9,1,229.2,0,272.0,0,271.4,0,287.7,0,267.5,0,267.9,0,29.2,0,113.4,0,127.9,0,-58.6,0,69.4,0,-9999.9,1,-9999.9,1,-9999.9,1,-9999.9,1,-9999.9,1
1995,1,1,1,19,21,19.350,65.87,282.0,0,131.6,0,10.8,0,-9999.9,1,238.6,0,271.9,0,271.4,0,288.3,0,267.4,0,267.9,0,28.7,0,127.7,0,150.5,0,-49.7,0,100.8,0,-9999.9,1,-9999.9,1,-9999.9,1,-9999.9,1,-9999.9,1
1995,1,1,1,19,24,19.400,66.08,285.8,0,132.3,0,9.4,0,-9999.9,1,226.0,0,271.9,0,271.4,0,287.7,0,267.4,0,267.8,0,29.4,0,130.4,0,153.5,0,-61.7,0,91.8,0,-9999.9,1,-9999.9,1,-9999.9,1,-9999.9,1,-9999.9,1
1995,1,1,1,19,27,19.450,66.29,348.4,0,163.8,0,17.1,0,-9999.9,1,230.7,0,272.0,0,271.7,0,288.8,0,267.4,0,268.0,0,29.9,0,153.6,0,184.6,0,-58.1,0,126.4,0,-9999.9,1,-9999.9,1,-9999.9,1,-9999.9,1,-9999.9,1
1995,1,1,1,19,30,19.500,66.51,416.2,0,193.5,0,29.5,0,-9999.9,1,226.4,0,272.1,0,271.8,0,289.8,0,267.6,0,268.2,0,31.4,0,181.6,0,222.7,0,-63.3,0,159.3,0,-9999.9,1,-9999.9,1,-9999.9,1,-9999.9,1,-9999.9,1
1995,1,1,1,19,33,19.550,66.74,368.8,0,175.8,0,26.7,0,-9999.9,1,227.3,0,272.3,0,272.1,0,291.2,0,267.8,0,268.4,0,30.8,0,161.9,0,193.0,0,-63.9,0,129.1,0,-9999.9,1,-9999.9,1,-9999.9,1,-9999.9,1,-9999.9,1
1995,1,1,1,19,36,19.600,66.97,208.9,0,106.0,0,9.0,0,-9999.9,1,212.4,0,272.4,0,271.7,0,288.3,0,267.8,0,268.2,0,28.0,0,100.9,0,102.9,0,-75.9,0,27.0,0,-9999.9,1,-9999.9,1,-9999.9,1,-9999.9,1,-9999.9,1
1995,1,1,1,19,39,19.650,67.21,287.6,0,135.6,0,25.1,0,-9999.9,1,216.6,0,272.4,0,271.7,0,288.3,0,267.7,0,268.1,0,27.4,0,127.8,0,152.1,0,-71.7,0,80.4,0,-9999.9,1,-9999.9,1,-9999.9,1,-9999.9,1,-9999.9,1
1995,1,1,1,19,42,19.700,67.46,235.3,0,113.4,0,7.8,0,-9999.9,1,229.6,0,272.3,0,271.5,0,287.5,0,267.6,0,267.9,0,25.9,0,110.8,0,121.9,0,-58.0,0,63.9,0,-9999.9,1,-9999.9,1,-9999.9,1,-9999.9,1,-9999.9,1
1995,1,1,1,19,45,19.750,67.71,226.0,0,109.1,0,6.1,0,-9999.9,1,231.2,0,272.2,0,271.5,0,287.9,0,267.5,0,267.9,0,26.0,0,107.0,0,116.9,0,-56.7,0,60.2,0,-9999.9,1,-9999.9,1,-9999.9,1,-9999.9,1,-9999.9,1
1995,1,1,1,19,48,19.800,67.97,141.0,0,69.6,0,-0.4,0,-9999.9,1,218.3,0,272.0,0,271.1,0,285.9,0,267.4,0,267.7,0,23.5,0,71.6,0,71.4,0,-67.5,0,3.9,0,-9999.9,1,-9999.9,1,-9999.9,1,-9999.9,1,-9999.9,1
1995,1,1,1,19,51,19.850,68.23,133.2,0,66.1,0,-1.9,0,-9999.9,1,213.1,0,271.8,0,270.9,0,285.1,0,267.3,0,267.6,0,23.1,0,67.8,0,67.1,0,-71.9,0,-4.8,0,-9999.9,1,-9999.9,1,-9999.9,1,-9999.9,1,-9999.9,1
1995,1,1,1,19,54,19.900,68.50,125.4,0,62.4,0,-0.9,0,-9999.9,1,210.9,0,271.6,0,270.8,0,284.3,0,267.2,0,267.5,0,22.7,0,65.0,0,63.1,0,-73.4,0,-10.4,0,-9999.9,1,-9999.9,1,-9999.9,1,-9999.9,1,-9999.9,1
1995,1,1,1,19,57,19.950,68.78,113.8,0,57.3,0,-0.8,0,-9999.9,1,208.2,0,271.4,0,270.6,0,283.6,0,267.2,0,267.4,0,22.0,0,60.4,0,56.5,0,-75.4,0,-18.9,0,-9999.9,1,-9999.9,1,-9999.9,1,-9999.9,1,-9999.9,1
1995,1,1,1,20,0,20.000,69.06,150.7,0,76.4,0,8.6,0,-9999.9,1,210.3,0,271.3,0,270.5,0,283.9,0,267.1,0,267.4,0,22.1,0,76.6,0,74.3,0,-73.6,0,0.7,0,-9999.9,1,-9999.9,1,-9999.9,1,-9999.9,1,-9999.9,1
1995,1,1,1,20,3,20.050,69.35,164.7,0,80.6,0,7.7,0,-9999.9,1,214.5,0,271.2,0,270.7,0,284.8,0,267.1,0,267.5,0,21.9,0,80.7,0,84.2,0,-70.3,0,13.8,0,-9999.9,1,-9999.9,1,-9999.9,1,-9999.9,1,-9999.9,1
1995,1,1,1,20,6,20.100,69.64,113.5,0,57.1,0,-0.3,0,-9999.9,1,213.2,0,271.2,0,270.5,0,284.3,0,267.1,0,267.4,0,20.1,0,59.3,0,56.4,0,-71.1,0,-14.6,0,-9999.9,1,-9999.9,1,-9999.9,1,-9999.9,1,-9999.9,1
1995,1,1,1,20,9,20.150,69.94,111.6,0,56.6,0,-0.4,0,-9999.9,1,225.0,0,271.1,0,270.4,0,284.5,0,267.1,0,267.3,0,18.4,0,57.5,0,55.0,0,-59.5,0,-4.4,0,-9999.9,1,-9999.9,1,-9999.9,1,-9999.9,1,-9999.9,1
1995,1,1,1,20,12,20.200,70.25,139.5,0,67.3,0,0.2,0,-9999.9,1,234.9,0,271.0,0,270.4,0,285.5,0,267.1,0,267.3,0,18.2,0,68.9,0,72.2,0,-50.6,0,21.5,0,-9999.9,1,-9999.9,1,-9999.9,1,-9999.9,1,-9999.9,1
1995,1,1,1,20,15,20.250,70.56,119.9,0,57.9,0,0.3,0,-9999.9,1,220.5,0,271.0,0,270.4,0,284.8,0,267.1,0,267.3,0,18.3,0,60.8,0,62.0,0,-64.4,0,-2.3,0,-9999.9,1,-9999.9,1,-9999.9,1,-9999.9,1,-9999.9,1
1995,1,1,1,20,18,20.300,70.87,101.9,0,50.7,0,-0.5,0,-9999.9,1,218.2,0,270.9,0,270.3,0,284.2,0,267.1,0,267.3,0,17.4,0,53.3,0,51.2,0,-65.9,0,-14.7,0,-9999.9,1,-9999.9,1,-9999.9,1,-9999.9,1,-9999.9,1
1995,1,1,1,20,21,20.350,71.19,119.0,0,62.1,0,2.4,0,-9999.9,1,216.6,0,270.8,0,270.2,0,284.3,0,267.1,0,267.3,0,17.2,0,61.2,0,56.9,0,-67.6,0,-10.7,0,-9999.9,1,-9999.9,1,-9999.9,1,-9999.9,1,-9999.9,1
1995,1,1,1,20,24,20.400,71.52,130.5,0,65.9,0,8.2,0,-9999.9,1,209.7,0,270.8,0,270.2,0,283.8,0,267.0,0,267.3,0,17.6,0,67.4,0,64.6,0,-74.1,0,-9.6,0,-9999.9,1,-9999.9,1,-9999.9,1,-9999.9,1,-9999.9,1
1995,1,1,1,20,27,20.450,71.85,111.2,0,56.8,0,0.9,0,-9999.9,1,210.5,0,270.8,0,270.2,0,283.5,0,267.0,0,267.3,0,16.9,0,59.4,0,54.4,0,-73.0,0,-18.6,0,-9999.9,1,-9999.9,1,-9999.9,1,-9999.9,1,-9999.9,1
1995,1,1,1,20,30,20.500,72.19,132.2,0,65.5,0,0.3,0,-9999.9,1,225.8,0,270.8,0,270.2,0,284.4,0,267.0,0,267.3,0,16.0,0,66.1,0,66.6,0,-58.6,0,8.1,0,-9999.9,1,-9999.9,1,-9999.9,1,-9999.9,1,-9999.9,1
1995,1,1,1,20,33,20.550,72.53,120.2,0,58.9,0,0.3,0,-9999.9,1,224.5,0,270.8,0,270.2,0,284.6,0,267.0,0,267.3,0,15.2,0,60.3,0,61.2,0,-60.1,0,1.1,0,-9999.9,1,-9999.9,1,-9999.9,1,-9999.9,1,-9999.9,1
1995,1,1,1,20,36,20.600,72.88,109.9,0,55.1,0,0.0,0,-9999.9,1,219.7,0,270.7,0,270.1,0,284.0,0,267.0,0,267.2,0,14.4,0,56.0,0,54.9,0,-64.3,0,-9.4,0,-9999.9,1,-9999.9,1,-9999.9,1,-9999.9,1,-9999.9,1
1995,1,1,1,20,39,20.650,73.23,133.7,0,65.3,0,7.0,0,-9999.9,1,238.8,0,270.7,0,270.1,0,285.1,0,267.0,0,267.3,0,13.3,0,63.8,0,68.4,0,-46.3,0,22.1,0,-9999.9,1,-9999.9,1,-9999.9,1,-9999.9,1,-9999.9,1
1995,1,1,1,20,42,20.700,73.59,117.2,0,57.8,0,0.4,0,-9999.9,1,247.2,0,270.7,0,270.2,0,286.0,0,267.0,0,267.3,0,12.3,0,57.6,0,59.4,0,-38.8,0,20.6,0,-9999.9,1,-9999.9,1,-9999.9,1,-9999.9,1,-9999.9,1
1995,1,1,1,20,45,20.750,73.95,100.9,0,50.2,0,-0.1,0,-9999.9,1,232.3,0,270.7,0,270.0,0,285.4,0,267.0,0,267.3,0,12.2,0,51.5,0,50.7,0,-53.1,0,-2.5,0,-9999.9,1,-9999.9,1,-9999.9,1,-9999.9,1,-9999.9,1
1995,1,1,1,20,48,20.800,74.31,106.1,0,52.9,0,-0.9,0,-9999.9,1,225.2,0,270.6,0,269.9,0,284.5,0,267.0,0,267.2,0,12.2,0,53.3,0,53.2,0,-59.4,0,-6.2,0,-9999.9,1,-9999.9,1,-9999.9,1,-9999.9,1,-9999.9,1
1995,1,1,1,20,51,20.850,74.68,88.6,0,44.7,0,-0.9,0,-9999.9,1,232.2,0,270.6,0,269.9,0,284.2,0,267.0,0,267.2,0,11.3,0,46.0,0,43.9,0,-52.0,0,-8.1,0,-9999.9,1,-9999.9,1,-9999.9,1,-9999.9,1,-9999.9,1
1995,1,1,1,20,54,20.900,75.06,100.2,0,49.7,0,-0.4,0,-9999.9,1,258.2,0,270.5,0,270.0,0,286.2,0,266.9,0,267.1,0,10.0,0,50.3,0,50.6,0,-27.9,0,22.7,0,-9999.9,1,-9999.9,1,-9999.9,1,-9999.9,1,-9999.9,1
1995,1,1,1,20,57,20.950,75.44,109.3,0,55.4,0,8.4,0,-9999.9,1,265.0,0,270.5,0,270.0,0,286.6,0,266.9,0,267.1,0,8.8,0,54.0,0,53.9,0,-21.6,0,32.3,0,-9999.9,1,-9999.9,1,-9999.9,1,-9999.9,1,-9999.9,1
1995,1,1,1,21,0,21.000,75.82,112.2,0,53.9,0,1.1,0,-9999.9,1,246.5,0,270.5,0,270.0,0,286.0,0,266.9,0,267.2,0,9.4,0,55.0,0,58.4,0,-39.5,0,18.9,0,-9999.9,1,-9999.9,1,-9999.9,1,-9999.9,1,-9999.9,1
1995,1,1,1,21,3,21.050,76.21,84.7,0,42.4,0,-0.4,0,-9999.9,1,241.9,0,270.5,0,269.9,0,285.3,0,266.9,0,267.1,0,9.1,0,43.3,0,42.4,0,-43.4,0,-1.0,0,-9999.9,1,-9999.9,1,-9999.9,1,-9999.9,1,-9999.9,1
1995,1,1,1,21,6,21.100,76.60,96.3,0,48.4,0,12.0,0,-9999.9,1,237.4,0,270.5,0,269.9,0,284.6,0,266.9,0,267.1,0,8.8,0,47.4,0,47.8,0,-47.2,0,0.6,0,-9999.9,1,-9999.9,1,-9999.9,1,-9999.9,1,-9999.9,1
1995,1,1,1,21,9,21.150,77.00,167.2,0,83.8,0,98.2,0,-9999.9,1,230.3,0,270.6,0,270.1,0,285.0,0,266.9,0,267.2,0,8.6,0,69.7,0,83.5,0,-54.6,0,28.8,0,-9999.9,1,-9999.9,1,-9999.9,1,-9999.9,1,-9999.9,1
1995,1,1,1,21,12,21.200,77.40,198.9,0,101.5,0,131.7,0,-9999.9,1,230.4,0,270.8,0,270.4,0,285.4,0,267.0,0,267.4,0,8.1,0,81.2,0,97.4,0,-55.0,0,42.4,0,-9999.9,1,-9999.9,1,-9999.9,1,-9999.9,1,-9999.9,1
1995,1,1,1,21,15,21.250,77.80,136.4,0,69.2,0,49.8,0,-9999.9,1,228.7,0,271.0,0,270.4,0,285.6,0,267.1,0,267.4,0,7.9,0,61.4,0,67.2,0,-56.9,0,10.3,0,-9999.9,1,-9999.9,1,-9999.9,1,-9999.9,1,-9999.9,1
1995,1,1,1,21,18,21.300,78.21,85.5,0,43.8,0,6.6,0,-9999.9,1,218.0,0,271.0,0,270.2,0,283.5,0,267.0,0,267.2,0,7.5,0,43.6,0,41.8,0,-65.5,0,-23.7,0,-9999.9,1,-9999.9,1,-9999.9,1,-9999.9,1,-9999.9,1
1995,1,1,1,21,21,21.350,78.62,61.3,0,32.7,0,0.2,0,-9999.9,1,225.4,0,270.9,0,270.1,0,282.6,0,266.9,0,267.1,0,6.7,0,33.4,0,28.7,0,-57.2,0,-28.5,0,-9999.9,1,-9999.9,1,-9999.9,1,-9999.9,1,-9999.9,1
1995,1,1,1,21,24,21.400,79.04,66.0,0,34.2,0,-0.9,0,-9999.9,1,246.0,0,270.7,0,270.0,0,284.2,0,266.8,0,267.0,0,5.9,0,34.7,0,31.8,0,-38.3,0,-6.5,0,-9999.9,1,-9999.9,1,-9999.9,1,-9999.9,1,-9999.9,1
1995,1,1,1,21,27,21.450,79.45,50.0,0,26.8,0,0.3,0,-9999.9,1,222.0,0,270.6,0,269.8,0,283.0,0,266.8,0,266.9,0,5.9,0,28.7,0,23.2,0,-61.0,0,-37.8,0,-9999.9,1,-9999.9,1,-9999.9,1,-9999.9,1,-9999.9,1
1995,1,1,1,21,30,21.500,79.88,48.5,0,26.0,0,2.1,0,-9999.9,1,211.0,0,270.4,0,269.6,0,281.5,0,266.7,0,266.8,0,5.7,0,27.8,0,22.5,0,-70.4,0,-47.9,0,-9999.9,1,-9999.9,1,-9999.9,1,-9999.9,1,-9999.9,1
1995,1,1,1,21,33,21.550,80.30,44.6,0,23.8,0,-1.2,0,-9999.9,1,224.1,0,270.3,0,269.4,0,281.5,0,266.6,0,266.7,0,5.2,0,26.1,0,20.8,0,-57.3,0,-36.5,0,-9999.9,1,-9999.9,1,-9999.9,1,-9999.9,1,-9999.9,1
1995,1,1,1,21,36,21.600,80.73,49.6,0,25.9,0,0.5,0,-9999.9,1,233.8,0,270.1,0,269.3,0,281.9,0,266.5,0,266.7,0,4.7,0,27.4,0,23.7,0,-48.2,0,-24.4,0,-9999.9,1,-9999.9,1,-9999.9,1,-9999.9,1,-9999.9,1
1995,1,1,1,21,39,21.650,81.16,53.8,0,28.4,0,16.0,0,-9999.9,1,242.1,0,270.0,0,269.3,0,282.7,0,266.5,0,266.6,0,4.3,0,27.6,0,25.4,0,-40.7,0,-15.2,0,-9999.9,1,-9999.9,1,-9999.9,1,-9999.9,1,-9999.9,1
1995,1,1,1,21,42,21.700,81.60,70.7,0,37.1,0,29.8,0,-9999.9,1,249.6,0,270.0,0,269.2,0,283.6,0,266.5,0,266.7,0,3.9,0,32.7,0,33.6,0,-33.9,0,-0.3,0,-9999.9,1,-9999.9,1,-9999.9,1,-9999.9,1,-9999.9,1
1995,1,1,1,21,45,21.750,82.04,65.4,0,34.8,0,31.7,0,-9999.9,1,241.1,0,270.0,0,269.4,0,283.3,0,266.5,0,266.7,0,3.7,0,30.9,0,30.6,0,-42.2,0,-11.7,0,-9999.9,1,-9999.9,1,-9999.9,1,-9999.9,1,-9999.9,1
1995,1,1,1,21,48,21.800,82.48,67.7,0,37.8,0,49.3,0,-9999.9,1,255.9,0,270.0,0,269.3,0,284.0,0,266.5,0,266.7,0,3.2,0,30.5,0,29.9,0,-28.1,0,1.9,0,-9999.9,1,-9999.9,1,-9999.9,1,-9999.9,1,-9999.9,1
1995,1,1,1,21,51,21.850,82.92,76.8,0,45.8,0,112.0,0,-9999.9,1,244.6,0,270.0,0,269.4,0,283.7,0,266.5,0,266.8,0,3.0,0,32.2,0,31.0,0,-39.2,0,-8.2,0,-9999.9,1,-9999.9,1,-9999.9,1,-9999.9,1,-9999.9,1
1995,1,1,1,21,54,21.900,83.37,55.0,0,33.4,0,57.6,0,-9999.9,1,235.1,0,270.1,0,269.3,0,282.9,0,266.5,0,266.7,0,2.8,0,26.3,0,21.6,0,-47.8,0,-26.2,0,-9999.9,1,-9999.9,1,-9999.9,1,-9999.9,1,-9999.9,1
1995,1,1,1,21,57,21.950,83.82,67.3,0,40.7,0,68.8,0,-9999.9,1,246.4,0,270.1,0,269.4,0,283.8,0,266.5,0,266.7,0,2.5,0,29.7,0,26.6,0,-37.4,0,-10.8,0,-9999.9,1,-9999.9,1,-9999.9,1,-9999.9,1,-9999.9,1
1995,1,1,1,22,0,22.000,84.27,42.6,0,26.5,0,33.8,0,-9999.9,1,240.2,0,270.1,0,269.3,0,283.1,0,266.5,0,266.7,0,2.3,0,21.4,0,16.0,0,-42.9,0,-26.9,0,-9999.9,1,-9999.9,1,-9999.9,1,-9999.9,1,-9999.9,1
1995,1,1,1,22,3,22.050,84.72,42.6,0,26.9,0,34.9,0,-9999.9,1,261.7,0,270.0,0,269.2,0,284.5,0,266.4,0,266.6,0,1.7,0,20.4,0,15.6,0,-22.8,0,-7.2,0,-9999.9,1,-9999.9,1,-9999.9,1,-9999.9,1,-9999.9,1
1995,1,1,1,22,6,22.100,85.17,45.9,0,30.5,0,55.8,0,-9999.9,1,262.3,0,269.9,0,269.2,0,283.8,0,266.4,0,266.6,0,1.5,0,21.3,0,15.5,0,-21.5,0,-6.1,0,-9999.9,1,-9999.9,1,-9999.9,1,-9999.9,1,-9999.9,1
1995,1,1,1,22,9,22.150,85.63,36.3,0,20.6,0,4.6,0,-9999.9,1,250.4,0,269.9,0,269.1,0,283.4,0,266.4,0,266.5,0,1.4,0,17.8,0,15.7,0,-32.9,0,-17.3,0,-9999.9,1,-9999.9,1,-9999.9,1,-9999.9,1,-9999.9,1
1995,1,1,1,22,12,22.200,86.08,29.7,0,17.1,0,-0.8,0,-9999.9,1,218.2,0,269.8,0,268.8,0,280.5,0,266.3,0,266.5,0,1.4,0,15.6,0,12.7,0,-62.4,0,-49.7,0,-9999.9,1,-9999.9,1,-9999.9,1,-9999.9,1,-9999.9,1
1995,1,1,1,22,15,22.250,86.53,20.4,0,13.0,0,-1.9,0,-9999.9,1,201.9,0,269.7,0,268.6,0,279.6,0,266.3,0,266.4,0,1.3,0,12.7,0,7.3,0,-77.7,0,-70.3,0,-9999.9,1,-9999.9,1,-9999.9,1,-9999.9,1,-9999.9,1
1995,1,1,1,22,18,22.300,86.99,16.5,0,11.1,0,-1.8,0,-9999.9,1,199.4,0,269.5,0,268.4,0,278.5,0,266.2,0,266.3,0,1.1,0,10.8,0,5.3,0,-79.1,0,-73.7,0,-9999.9,1,-9999.9,1,-9999.9,1,-9999.9,1,-9999.9,1
1995,1,1,1,22,21,22.350,87.44,12.9,0,9.3,0,-1.5,0,-9999.9,1,204.8,0,269.4,0,268.4,0,278.1,0,266.1,0,266.2,0,0.9,0,9.4,0,3.6,0,-73.3,0,-69.8,0,-9999.9,1,-9999.9,1,-9999.9,1,-9999.9,1,-9999.9,1
1995,1,1,1,22,24,22.400,87.88,11.3,0,8.3,0,-0.9,0,-9999.9,1,214.0,0,269.2,0,268.3,0,278.9,0,266.0,0,266.1,0,0.7,0,8.3,0,3.0,0,-64.8,0,-61.9,0,-9999.9,1,-9999.9,1,-9999.9,1,-9999.9,1,-9999.9,1
1995,1,1,1,22,27,22.450,88.32,8.4,0,6.9,0,-0.6,0,-9999.9,1,206.7,0,269.1,0,268.2,0,278.1,0,265.9,0,266.1,0,0.6,0,7.0,0,1.5,0,-71.5,0,-70.0,0,-9999.9,1,-9999.9,1,-9999.9,1,-9999.9,1,-9999.9,1
1995,1,1,1,22,30,22.500,88.75,6.4,0,6.1,0,-0.7,0,-9999.9,1,198.6,0,269.0,0,268.1,0,277.4,0,265.9,0,266.0,0,0.5,0,6.0,0,0.4,0,-78.8,0,-78.5,0,-9999.9,1,-9999.9,1,-9999.9,1,-9999.9,1,-9999.9,1
1995,1,1,1,22,33,22.550,89.17,4.3,0,5.2,0,-0.7,0,-9999.9,1,193.0,0,268.9,0,267.9,0,277.0,0,265.8,0,265.9,0,0.4,0,4.9,0,0.0,0,-84.0,0,-84.0,0,-9999.9,1,-9999.9,1,-9999.9,1,-9999.9,1,-9999.9,1
1995,1,1,1,22,36,22.600,89.56,2.4,0,4.5,0,-0.9,0,-9999.9,1,190.6,0,268.8,0,267.9,0,276.7,0,265.8,0,265.9,0,0.3,0,4.0,0,0.0,1,-86.1,0,-9999.9,1,-9999.9,1,-9999.9,1,-9999.9,1,-9999.9,1,-9999.9,1
1995,1,1,1,22,39,22.650,89.92,0.9,0,3.8,0,-1.1,0,-9999.9,1,190.0,0,268.7,0,267.8,0,276.0,0,265.7,0,265.8,0,0.2,0,3.1,0,0.0,1,-86.0,0,-9999.9,1,-9999.9,1,-9999.9,1,-9999.9,1,-9999.9,1,-9999.9,1
1995,1,1,1,22,42,22.700,91.15,-0.5,0,3.0,0,-0.8,0,-9999.9,1,190.0,0,268.6,0,267.7,0,275.7,0,265.7,0,265.8,0,0.0,0,2.4,0,0.0,1,-85.7,0,-9999.9,1,-9999.9,1,-9999.9,1,-9999.9,1,-9999.9,1,-9999.9,1
1995,1,1,1,22,45,22.750,91.65,-1.6,0,2.4,0,-0.9,0,-9999.9,1,189.3,0,268.5,0,267.7,0,275.2,0,265.6,0,265.7,0,0.0,0,1.8,0,0.0,1,-85.8,0,-9999.9,1,-9999.9,1,-9999.9,1,-9999.9,1,-9999.9,1,-9999.9,1
1995,1,1,1,22,48,22.800,92.15,-2.7,0,2.0,0,-1.2,0,-9999.9,1,189.1,0,268.5,0,267.7,0,274.4,0,265.6,0,265.7,0,0.0,0,1.3,0,0.0,0,-85.4,0,-85.4,0,-9999.9,1,-9999.9,1,-9999.9,1,-9999.9,1,-9999.9,1
1995,1,1,1,22,51,22.850,92.66,-3.5,0,1.4,0,-0.9,0,-9999.9,1,189.1,0,268.4,0,267.5,0,275.1,0,265.6,0,265.7,0,0.0,0,0.9,0,0.0,0,-86.0,0,-86.0,0,-9999.9,1,-9999.9,1,-9999.9,1,-9999.9,1,-9999.9,1
1995,1,1,1,22,54,22.900,93.16,-3.9,0,1.0,0,-0.3,0,-9999.9,1,189.1,0,268.3,0,267.5,0,275.0,0,265.5,0,265.6,0,0.0,0,0.6,0,0.0,0,-85.8,0,-85.8,0,-9999.9,1,-9999.9,1,-9999.9,1,-9999.9,1,-9999.9,1
1995,1,1,1,22,57,22.950,93.67,-4.3,0,0.7,0,-0.4,0,-9999.9,1,188.8,0,268.3,0,267.5,0,274.8,0,265.5,0,265.6,0,0.0,0,0.4,0,0.0,0,-86.0,0,-86.0,0,-9999.9,1,-9999.9,1,-9999.9,1,-9999.9,1,-9999.9,1
1995,1,1,1,23,0,23.000,94.18,-4.9,0,0.6,0,-0.1,0,-9999.9,1,189.2,0,268.2,0,267.3,0,275.2,0,265.5,0,265.5,0,0.0,0,0.3,0,0.0,0,-86.1,0,-86.1,0,-9999.9,1,-9999.9,1,-9999.9,1,-9999.9,1,-9999.9,1
1995,1,1,1,23,3,23.050,94.70,-5.1,0,0.6,0,-0.4,0,-9999.9,1,188.6,0,268.2,0,267.3,0,274.5,0,265.4,0,265.5,0,0.0,0,0.3,0,0.0,0,-86.0,0,-86.0,0,-9999.9,1,-9999.9,1,-9999.9,1,-9999.9,1,-9999.9,1
1995,1,1,1,23,6,23.100,95.21,-5.1,0,0.4,0,-0.2,0,-9999.9,1,188.1,0,268.1,0,267.2,0,274.2,0,265.4,0,265.5,0,0.0,0,0.2,0,0.0,0,-86.1,0,-86.1,0,-9999.9,1,-9999.9,1,-9999.9,1,-9999.9,1,-9999.9,1
1995,1,1,1,23,9,23.150,95.73,-5.4,0,0.3,0,-0.2,0,-9999.9,1,188.1,0,268.1,0,267.1,0,274.9,0,265.3,0,265.4,0,0.0,0,0.1,0,0.0,0,-86.7,0,-86.7,0,-9999.9,1,-9999.9,1,-9999.9,1,-9999.9,1,-9999.9,1
1995,1,1,1,23,12,23.200,96.25,-5.2,0,0.2,0,-0.1,0,-9999.9,1,188.3,0,268.0,0,267.1,0,274.9,0,265.3,0,265.4,0,0.0,0,0.1,0,0.0,0,-86.6,0,-86.6,0,-9999.9,1,-9999.9,1,-9999.9,1,-9999.9,1,-9999.9,1
1995,1,1,1,23,15,23.250,96.77,-5.4,0,0.3,0,-0.2,0,-9999.9,1,188.0,0,267.9,0,267.0,0,274.6,0,265.2,0,265.3,0,0.0,0,0.1,0,0.0,0,-86.6,0,-86.6,0,-9999.9,1,-9999.9,1,-9999.9,1,-9999.9,1,-9999.9,1
1995,1,1,1,23,18,23.300,97.29,-5.5,0,0.2,0,-0.2,0,-9999.9,1,187.7,0,267.9,0,267.0,0,274.8,0,265.2,0,265.3,0,0.0,0,0.1,0,0.0,0,-87.1,0,-87.1,0,-9999.9,1,-9999.9,1,-9999.9,1,-9999.9,1,-9999.9,1
1995,1,1,1,23,21,23.350,97.82,-5.5,0,0.3,0,-0.5,0,-9999.9,1,186.9,0,267.9,0,267.0,0,274.0,0,265.2,0,265.3,0,0.0,0,0.1,0,0.0,0,-87.1,0,-87.1,0,-9999.9,1,-9999.9,1,-9999.9,1,-9999.9,1,-9999.9,1
1995,1,1,1,23,24,23.400,98.35,-5.4,0,0.2,0,-0.5,0,-9999.9,1,186.7,0,267.8,0,266.9,0,273.9,0,265.1,0,265.2,0,0.0,0,0.1,0,0.0,0,-87.2,0,-87.2,0,-9999.9,1,-9999.9,1,-9999.9,1,-9999.9,1,-9999.9,1
1995,1,1,1,23,27,23.450,98.87,-5.4,0,0.2,0,-0.2,0,-9999.9,1,187.0,0,267.8,0,266.9,0,273.5,0,265.1,0,265.2,0,0.0,0,0.2,0,0.0,0,-86.5,0,-86.5,0,-9999.9,1,-9999.9,1,-9999.9,1,-9999.9,1,-9999.9,1
1995,1,1,1,23,30,23.500,99.41,-5.6,0,0.2,0,-0.3,0,-9999.9,1,187.1,0,267.7,0,266.9,0,273.4,0,265.0,0,265.1,0,0.0,0,0.1,0,0.0,0,-86.3,0,-86.3,0,-9999.9,1,-9999.9,1,-9999.9,1,-9999.9,1,-9999.9,1
1995,1,1,1,23,33,23.550,99.94,-5.5,0,0.2,0,-0.2,0,-9999.9,1,186.7,0,267.7,0,266.8,0,273.4,0,265.0,0,265.1,0,0.0,0,0.2,0,0.0,0,-86.6,0,-86.6,0,-9999.9,1,-9999.9,1,-9999.9,1,-9999.9,1,-9999.9,1
1995,1,1,1,23,36,23.600,100.47,-5.5,0,0.2,0,-0.2,0,-9999.9,1,186.5,0,267.7,0,266.8,0,273.1,0,265.0,0,265.1,0,0.0,0,0.2,0,0.0,0,-86.5,0,-86.5,0,-9999.9,1,-9999.9,1,-9999.9,1,-9999.9,1,-9999.9,1
1995,1,1,1,23,39,23.650,101.01,-5.5,0,0.2,0,-0.3,0,-9999.9,1,186.3,0,267.6,0,266.8,0,273.1,0,265.0,0,265.0,0,0.0,0,0.1,0,0.0,0,-86.8,0,-86.8,0,-9999.9,1,-9999.9,1,-9999.9,1,-9999.9,1,-9999.9,1
1995,1,1,1,23,42,23.700,101.54,-5.4,0,0.3,0,-0.2,0,-9999.9,1,186.3,0,267.6,0,266.7,0,273.2,0,264.9,0,265.0,0,0.0,0,0.1,0,0.0,0,-86.8,0,-86.8,0,-9999.9,1,-9999.9,1,-9999.9,1,-9999.9,1,-9999.9,1
1995,1,1,1,23,45,23.750,102.08,-5.4,0,0.1,0,0.0,0,-9999.9,1,186.0,0,267.6,0,266.7,0,272.9,0,264.9,0,265.0,0,0.0,0,0.1,0,0.0,0,-86.8,0,-86.8,0,-9999.9,1,-9999.9,1,-9999.9,1,-9999.9,1,-9999.9,1
1995,1,1,1,23,48,23.800,102.62,-5.5,0,0.1,0,-0.2,0,-9999.9,1,185.6,0,267.5,0,266.7,0,272.8,0,264.9,0,265.0,0,0.0,0,0.1,0,0.0,0,-87.2,0,-87.2,0,-9999.9,1,-9999.9,1,-9999.9,1,-9999.9,1,-9999.9,1
1995,1,1,1,23,51,23.850,103.16,-5.4,0,0.1,0,-0.1,0,-9999.9,1,185.8,0,267.5,0,266.6,0,272.7,0,264.8,0,264.9,0,0.0,0,0.1,0,0.0,0,-86.9,0,-86.9,0,-9999.9,1,-9999.9,1,-9999.9,1,-9999.9,1,-9999.9,1
1995,1,1,1,23,54,23.900,103.71,-5.5,0,0.1,0,-0.2,0,-9999.9,1,185.3,0,267.5,0,266.6,0,272.7,0,264.8,0,264.9,0,0.0,0,0.1,0,0.0,0,-87.4,0,-87.4,0,-9999.9,1,-9999.9,1,-9999.9,1,-9999.9,1,-9999.9,1
1995,1,1,1,23,57,23.950,104.25,-5.5,0,0.2,0,-0.5,0,-9999.9,1,184.8,0,267.5,0,266.6,0,272.0,0,264.8,0,264.9,0,0.0,0,0.2,0,0.0,0,-87.2,0,-87.2,0,-9999.9,1,-9999.9,1,-9999.9,1,-9999.9,1,-9999.9,1
