"YEAR", "DDD", "MM", "DD", "HH", "mm", "hh.mmm", "ZNAGL", "dw_psp", "qc", "uw_psp", "qc", "direct", "qc", "diffuse", "qc", "dw_pir", "qc", "dwCasTmp", "qc", "dwDomTmp", "qc", "uw_pir", "qc", "uwCastmp", "qc", "uwDomtmp", "qc", "uvb", "qc", "par", "qc", "netSolar", "qc", "netIr", "qc", "totalNet", "qc", "temp", "qc", "rh", "qc", "windSp", "qc", "winsDir", "qc", "Baro", "qc"
2005,191,7,10,0,0,0.000,75.79,178.0,0,46.9,0,582.3,0,51.9,0,366.3,0,306.7,0,306.0,0,457.9,0,304.1,0,304.0,0,9.1,0,79.6,0,148.1,0,-91.6,0,56.5,0,29.3,0,40.8,0,1.5,0,89.5,0,992.2,0
2005,191,7,10,0,3,0.050,76.33,169.4,0,45.2,0,572.6,0,50.3,0,365.6,0,306.6,0,305.8,0,456.5,0,304.0,0,303.9,0,8.5,0,75.8,0,140.4,0,-90.9,0,49.5,0,29.2,0,39.0,0,1.7,0,98.3,0,992.2,0
2005,191,7,10,0,6,0.100,76.87,160.5,0,43.1,0,560.2,0,48.9,0,365.0,0,306.5,0,305.7,0,455.4,0,303.8,0,303.8,0,7.9,0,71.7,0,133.0,0,-90.4,0,42.6,0,29.2,0,38.7,0,1.6,0,98.0,0,992.2,0
2005,191,7,10,0,9,0.150,77.42,152.3,0,41.2,0,549.6,0,47.4,0,364.5,0,306.3,0,305.6,0,454.4,0,303.7,0,303.7,0,7.3,0,68.1,0,126.0,0,-89.9,0,36.0,0,29.1,0,39.5,0,1.7,0,86.8,0,992.2,0
2005,191,7,10,0,12,0.200,77.96,143.8,0,39.4,0,536.9,0,46.0,0,363.7,0,306.1,0,305.4,0,453.4,0,303.6,0,303.6,0,6.7,0,64.3,0,118.7,0,-89.7,0,29.0,0,28.9,0,43.2,0,1.6,0,82.6,0,992.3,0
2005,191,7,10,0,15,0.250,78.49,134.9,0,37.3,0,522.4,0,44.5,0,363.2,0,306.0,0,305.3,0,452.6,0,303.5,0,303.4,0,6.2,0,60.5,0,111.4,0,-89.4,0,22.0,0,28.7,0,46.0,0,1.5,0,81.3,0,992.3,0
2005,191,7,10,0,18,0.300,79.03,125.9,0,35.1,0,506.6,0,43.1,0,362.9,0,305.8,0,305.1,0,451.6,0,303.3,0,303.3,0,5.7,0,56.6,0,104.4,0,-88.7,0,15.7,0,28.6,0,46.9,0,1.3,0,95.2,0,992.3,0
2005,191,7,10,0,21,0.350,79.57,117.0,0,33.1,0,488.7,0,41.6,0,362.8,0,305.6,0,304.9,0,449.9,0,303.2,0,303.1,0,5.2,0,52.7,0,97.0,0,-87.1,0,9.9,0,28.6,0,44.3,0,1.9,0,109.3,0,992.4,0
2005,191,7,10,0,24,0.400,80.10,108.4,0,31.4,0,472.7,0,40.0,0,362.1,0,305.4,0,304.6,0,447.6,0,303.0,0,303.0,0,4.7,0,49.1,0,89.8,0,-85.6,0,4.3,0,28.4,0,43.2,0,2.3,0,115.8,0,992.4,0
2005,191,7,10,0,27,0.450,80.63,99.9,0,29.6,0,454.6,0,38.2,0,361.3,0,305.2,0,304.4,0,445.4,0,302.8,0,302.7,0,4.3,0,45.5,0,82.5,0,-84.1,0,-1.6,0,28.2,0,43.3,0,2.5,0,112.4,0,992.4,0
2005,191,7,10,0,30,0.500,81.16,92.4,0,27.8,0,439.5,0,36.6,0,360.4,0,304.9,0,304.1,0,443.3,0,302.6,0,302.5,0,3.9,0,42.4,0,76.4,0,-82.9,0,-6.5,0,28.0,0,42.1,0,2.6,0,110.4,0,992.4,0
2005,191,7,10,0,33,0.550,81.69,84.8,0,25.8,0,419.1,0,34.9,0,359.5,0,304.7,0,303.9,0,441.3,0,302.4,0,302.3,0,3.5,0,39.0,0,69.7,0,-81.8,0,-12.1,0,27.8,0,45.6,0,2.3,0,119.8,0,992.4,0
2005,191,7,10,0,36,0.600,82.21,77.4,0,23.6,0,400.3,0,33.1,0,358.5,0,304.4,0,303.7,0,439.4,0,302.2,0,302.1,0,3.2,0,35.6,0,63.7,0,-80.9,0,-17.2,0,27.5,0,48.3,0,2.1,0,121.8,0,992.4,0
2005,191,7,10,0,39,0.650,82.73,70.1,0,21.7,0,377.7,0,31.4,0,357.9,0,304.1,0,303.4,0,438.1,0,302.0,0,301.8,0,2.8,0,32.0,0,57.5,0,-80.2,0,-22.7,0,27.3,0,48.0,0,2.5,0,117.3,0,992.5,0
2005,191,7,10,0,42,0.700,83.25,63.0,0,19.9,0,357.5,0,29.6,0,357.3,0,303.8,0,303.0,0,436.3,0,301.7,0,301.6,0,2.5,0,28.7,0,51.7,0,-79.0,0,-27.3,0,27.1,0,47.7,0,2.5,0,113.7,0,992.5,0
2005,191,7,10,0,45,0.750,83.77,56.1,0,17.9,0,333.9,0,27.7,0,356.2,0,303.5,0,302.8,0,434.1,0,301.5,0,301.4,0,2.2,0,25.4,0,46.1,0,-77.9,0,-31.8,0,27.0,0,49.2,0,2.3,0,111.6,0,992.5,0
2005,191,7,10,0,48,0.800,84.28,49.4,0,15.9,0,307.1,0,25.7,0,354.9,0,303.2,0,302.4,0,431.8,0,301.2,0,301.1,0,2.0,0,22.3,0,40.4,0,-76.9,0,-36.5,0,26.7,0,51.7,0,2.1,0,105.8,0,992.5,0
2005,191,7,10,0,51,0.850,84.79,42.8,0,13.9,0,278.5,0,23.8,0,354.0,0,302.8,0,302.1,0,429.7,0,301.0,0,300.9,0,1.7,0,19.4,0,35.1,0,-75.7,0,-40.6,0,26.4,0,54.1,0,2.1,0,100.6,0,992.5,0
2005,191,7,10,0,54,0.900,85.29,36.9,0,12.2,0,252.5,0,21.8,0,353.3,0,302.5,0,301.7,0,428.1,0,300.7,0,300.6,0,1.5,0,17.0,0,30.3,0,-74.8,0,-44.5,0,26.1,0,54.1,0,2.5,0,100.7,0,992.5,0
2005,191,7,10,0,57,0.950,85.79,31.5,0,10.5,0,226.9,0,19.8,0,352.5,0,302.1,0,301.4,0,426.4,0,300.4,0,300.3,0,1.3,0,14.7,0,25.9,0,-73.9,0,-47.9,0,26.0,0,52.8,0,2.5,0,97.9,0,992.5,0
2005,191,7,10,1,0,1.000,86.29,26.0,0,8.7,0,201.4,0,17.7,0,351.7,0,301.7,0,301.0,0,424.3,0,300.2,0,300.1,0,1.1,0,12.7,0,22.0,0,-72.7,0,-50.7,0,26.0,0,52.2,0,2.4,0,89.1,0,992.5,0
2005,191,7,10,1,3,1.050,86.78,19.8,0,7.1,0,173.6,0,15.6,0,351.4,0,301.3,0,300.7,0,422.4,0,299.9,0,299.8,0,1.0,0,10.9,0,18.3,0,-71.0,0,-52.8,0,26.0,0,53.3,0,2.4,0,90.9,0,992.5,0
2005,191,7,10,1,6,1.100,87.26,14.0,0,5.7,0,143.1,0,13.6,0,351.0,0,300.9,0,300.3,0,420.7,0,299.7,0,299.6,0,0.8,0,9.3,0,14.8,0,-69.8,0,-55.0,0,25.9,0,50.6,0,2.8,0,91.7,0,992.5,0
2005,191,7,10,1,9,1.150,87.73,10.9,0,4.9,0,120.4,0,11.7,0,350.4,0,300.5,0,299.8,0,418.9,0,299.5,0,299.4,0,0.7,0,7.9,0,11.6,0,-68.6,0,-57.0,0,25.9,0,50.5,0,3.0,0,93.5,0,992.5,0
2005,191,7,10,1,12,1.200,88.20,9.1,0,4.1,0,101.4,0,9.8,0,350.3,0,300.1,0,299.4,0,417.2,0,299.3,0,299.2,0,0.6,0,6.6,0,8.9,0,-66.9,0,-58.0,0,26.0,0,49.5,0,2.9,0,104.0,0,992.6,0
2005,191,7,10,1,15,1.250,88.64,7.1,0,2.8,0,76.7,0,8.0,0,350.6,0,299.7,0,299.0,0,416.1,0,299.1,0,299.0,0,0.4,0,5.4,0,7.0,0,-65.5,0,-58.4,0,25.8,0,48.4,0,2.9,0,106.1,0,992.6,0
2005,191,7,10,1,18,1.300,89.07,5.3,0,1.4,0,22.0,0,6.3,0,350.3,0,299.3,0,298.6,0,415.1,0,298.9,0,298.8,0,0.3,0,4.4,0,5.2,0,-64.8,0,-59.6,0,26.0,0,47.3,0,2.8,0,105.5,0,992.6,0
2005,191,7,10,1,21,1.350,89.48,3.9,0,1.0,0,-0.1,0,4.7,0,350.0,0,298.9,0,298.2,0,413.8,0,298.8,0,298.7,0,0.3,0,3.5,0,3.7,0,-63.8,0,-60.1,0,25.7,0,49.5,0,2.7,0,108.1,0,992.6,0
2005,191,7,10,1,24,1.400,89.85,2.5,0,0.4,0,-1.1,0,3.5,0,350.2,0,298.5,0,297.9,0,412.8,0,298.6,0,298.5,0,0.1,0,2.7,0,3.1,0,-62.6,0,-59.5,0,25.7,0,47.1,0,2.9,0,105.9,0,992.6,0
2005,191,7,10,1,27,1.450,91.04,1.3,0,0.0,0,-1.3,0,2.2,0,349.7,0,298.2,0,297.6,0,411.4,0,298.5,0,298.4,0,0.0,0,2.1,0,2.2,0,-61.7,0,-59.5,0,25.8,0,46.2,0,2.7,0,107.1,0,992.7,0
2005,191,7,10,1,30,1.500,91.53,0.3,0,0.0,0,-1.7,0,1.1,0,349.1,0,297.8,0,297.3,0,410.1,0,298.4,0,298.3,0,0.0,0,1.6,0,1.1,0,-61.0,0,-59.8,0,25.5,0,49.8,0,2.9,0,112.7,0,992.7,0
2005,191,7,10,1,33,1.550,92.02,-0.6,0,-0.1,0,-3.4,0,0.4,0,349.3,0,297.5,0,297.0,0,409.1,0,298.2,0,298.1,0,0.0,0,1.1,0,0.4,0,-59.9,0,-59.5,0,25.2,0,50.5,0,3.3,0,113.1,0,992.7,0
2005,191,7,10,1,36,1.600,92.51,-1.4,0,-0.4,0,-4.0,0,-0.3,0,349.0,0,297.2,0,296.7,0,408.5,0,298.1,0,298.0,0,0.0,0,0.8,0,0.0,0,-59.4,0,-59.4,0,25.3,0,48.5,0,3.7,0,110.9,0,992.7,0
2005,191,7,10,1,39,1.650,93.00,-1.9,0,-0.6,0,-4.2,0,-0.7,0,348.6,0,297.0,0,296.4,0,407.7,0,298.0,0,297.8,0,0.0,0,0.5,0,0.0,0,-59.1,0,-59.1,0,25.4,0,48.2,0,3.8,0,109.7,0,992.8,0
2005,191,7,10,1,42,1.700,93.48,-2.4,0,-0.4,0,-4.5,0,-1.2,0,348.0,0,296.7,0,296.2,0,406.7,0,297.8,0,297.7,0,0.0,0,0.3,0,0.0,0,-58.7,0,-58.7,0,25.1,0,50.4,0,3.7,0,110.1,0,992.8,0
2005,191,7,10,1,45,1.750,93.96,-2.7,0,-0.5,0,-4.7,0,-1.3,0,348.0,0,296.4,0,296.0,0,406.0,0,297.7,0,297.6,0,0.0,0,0.2,0,0.0,0,-58.0,0,-58.0,0,24.9,0,51.0,0,3.6,0,114.0,0,992.8,0
2005,191,7,10,1,48,1.800,94.44,-3.0,0,-0.6,0,-4.6,0,-1.4,0,347.6,0,296.2,0,295.8,0,405.2,0,297.6,0,297.4,0,0.0,0,0.1,0,0.0,0,-57.5,0,-57.5,0,24.9,0,51.4,0,3.5,0,115.7,0,992.9,0
2005,191,7,10,1,51,1.850,94.91,-3.2,0,-0.6,0,-4.5,0,-1.4,0,347.3,0,296.0,0,295.5,0,404.5,0,297.4,0,297.3,0,0.0,0,0.1,0,0.0,0,-57.2,0,-57.2,0,24.7,0,53.0,0,3.6,0,118.0,0,992.9,0
2005,191,7,10,1,54,1.900,95.38,-3.4,0,-0.7,0,-4.5,0,-1.4,0,347.4,0,295.8,0,295.4,0,404.5,0,297.3,0,297.2,0,0.0,0,0.1,0,0.0,0,-57.2,0,-57.2,0,24.7,0,52.7,0,3.4,0,119.4,0,992.9,0
2005,191,7,10,1,57,1.950,95.85,-3.4,0,-0.7,0,-4.2,0,-1.5,0,346.6,0,295.6,0,295.2,0,404.5,0,297.2,0,297.1,0,0.0,0,0.0,0,0.0,0,-57.8,0,-57.8,0,24.7,0,53.2,0,3.1,0,111.7,0,993.0,0
2005,191,7,10,2,0,2.000,96.31,-3.4,0,-0.8,0,-3.9,0,-1.6,0,346.3,0,295.5,0,295.0,0,404.2,0,297.1,0,297.0,0,0.0,0,0.0,0,0.0,0,-57.9,0,-57.9,0,24.6,0,53.5,0,3.2,0,107.8,0,993.0,0
2005,191,7,10,2,3,2.050,96.78,-3.4,0,-0.8,0,-3.7,0,-1.5,0,346.3,0,295.3,0,294.8,0,404.2,0,297.0,0,296.9,0,0.0,0,0.0,0,0.0,0,-57.9,0,-57.9,0,24.4,0,54.1,0,3.5,0,105.3,0,993.1,0
2005,191,7,10,2,6,2.100,97.23,-3.4,0,-0.9,0,-3.6,0,-1.4,0,346.6,0,295.1,0,294.6,0,404.3,0,296.9,0,296.8,0,0.0,0,0.0,0,0.0,0,-57.7,0,-57.7,0,24.4,0,54.1,0,3.5,0,109.1,0,993.1,0
2005,191,7,10,2,9,2.150,97.69,-3.4,0,-0.6,0,-3.6,0,-1.3,0,345.9,0,294.9,0,294.5,0,403.1,0,296.8,0,296.7,0,0.0,0,0.0,0,0.0,0,-57.2,0,-57.2,0,24.2,0,55.4,0,3.4,0,106.7,0,993.1,0
2005,191,7,10,2,12,2.200,98.14,-3.4,0,-0.5,0,-3.5,0,-1.3,0,345.8,0,294.8,0,294.4,0,403.1,0,296.7,0,296.6,0,0.0,0,0.0,0,0.0,0,-57.3,0,-57.3,0,23.9,0,56.7,0,3.6,0,111.5,0,993.2,0
2005,191,7,10,2,15,2.250,98.59,-3.5,0,-0.5,0,-3.3,0,-1.3,0,345.6,0,294.7,0,294.2,0,402.2,0,296.6,0,296.5,0,0.0,0,0.0,0,0.0,0,-56.6,0,-56.6,0,23.7,0,57.7,0,3.5,0,109.6,0,993.2,0
2005,191,7,10,2,18,2.300,99.04,-3.5,0,-0.4,0,-2.7,0,-1.3,0,345.1,0,294.5,0,294.1,0,401.3,0,296.4,0,296.3,0,0.0,0,0.0,0,0.0,0,-56.2,0,-56.2,0,23.4,0,58.9,0,3.5,0,107.2,0,993.2,0
2005,191,7,10,2,21,2.350,99.48,-3.4,0,-0.4,0,-2.5,0,-1.3,0,344.8,0,294.4,0,294.0,0,400.3,0,296.3,0,296.2,0,0.0,0,0.0,0,0.0,0,-55.5,0,-55.5,0,23.4,0,58.8,0,3.4,0,110.6,0,993.2,0
2005,191,7,10,2,24,2.400,99.92,-3.4,0,-0.5,0,-2.6,0,-1.3,0,345.0,0,294.3,0,293.9,0,399.5,0,296.1,0,296.0,0,0.0,0,0.0,0,0.0,0,-54.4,0,-54.4,0,23.2,0,60.0,0,3.4,0,111.9,0,993.3,0
2005,191,7,10,2,27,2.450,100.35,-3.4,0,-0.5,0,-2.2,0,-1.3,0,345.5,0,294.2,0,293.8,0,398.7,0,296.0,0,295.9,0,0.0,0,0.0,0,0.0,0,-53.2,0,-53.2,0,23.0,0,60.0,0,3.4,0,112.8,0,993.3,0
2005,191,7,10,2,30,2.500,100.78,-3.4,0,-0.5,0,-2.0,0,-1.3,0,345.6,0,294.0,0,293.7,0,398.9,0,295.8,0,295.7,0,0.0,0,0.0,0,0.0,0,-53.3,0,-53.3,0,23.0,0,59.9,0,3.5,0,108.3,0,993.3,0
2005,191,7,10,2,33,2.550,101.21,-3.4,0,-0.7,0,-2.0,0,-1.3,0,345.4,0,293.9,0,293.5,0,399.3,0,295.7,0,295.6,0,0.0,0,0.0,0,0.0,0,-53.9,0,-53.9,0,23.1,0,59.0,0,3.7,0,108.3,0,993.4,0
2005,191,7,10,2,36,2.600,101.64,-3.4,0,-0.5,0,-2.1,0,-1.3,0,345.0,0,293.8,0,293.4,0,399.3,0,295.6,0,295.5,0,0.0,0,0.0,0,0.0,0,-54.2,0,-54.2,0,22.9,0,59.6,0,3.7,0,110.3,0,993.5,0
2005,191,7,10,2,39,2.650,102.06,-3.5,0,-0.3,0,-2.3,0,-1.3,0,344.1,0,293.7,0,293.4,0,398.0,0,295.5,0,295.4,0,0.0,0,0.0,0,0.0,0,-53.9,0,-53.9,0,22.7,0,61.3,0,3.4,0,109.6,0,993.5,0
2005,191,7,10,2,42,2.700,102.47,-3.4,0,-0.3,0,-2.2,0,-1.3,0,343.6,0,293.6,0,293.2,0,397.7,0,295.4,0,295.2,0,0.0,0,0.0,0,0.0,0,-54.1,0,-54.1,0,22.3,0,62.4,0,3.7,0,109.1,0,993.5,0
2005,191,7,10,2,45,2.750,102.89,-3.5,0,-0.4,0,-2.1,0,-1.3,0,343.8,0,293.5,0,293.1,0,397.3,0,295.2,0,295.1,0,0.0,0,0.0,0,0.0,0,-53.5,0,-53.5,0,22.3,0,61.7,0,3.5,0,109.9,0,993.5,0
2005,191,7,10,2,48,2.800,103.29,-3.4,0,-0.4,0,-1.7,0,-1.3,0,343.8,0,293.4,0,293.1,0,396.4,0,295.1,0,295.0,0,0.0,0,0.0,0,0.0,0,-52.6,0,-52.6,0,22.2,0,61.5,0,3.3,0,108.0,0,993.6,0
2005,191,7,10,2,51,2.850,103.70,-3.4,0,-0.4,0,-1.5,0,-1.3,0,343.6,0,293.3,0,292.9,0,396.7,0,294.9,0,294.8,0,0.0,0,0.0,0,0.0,0,-53.1,0,-53.1,0,22.0,0,63.1,0,3.3,0,96.4,0,993.6,0
2005,191,7,10,2,54,2.900,104.10,-3.5,0,-0.5,0,-1.5,0,-1.2,0,343.4,0,293.2,0,292.9,0,398.4,0,294.8,0,294.7,0,0.0,0,0.0,0,0.0,0,-55.1,0,-55.1,0,22.0,0,62.9,0,3.6,0,93.5,0,993.7,0
2005,191,7,10,2,57,2.950,104.50,-3.5,0,-0.5,0,-1.6,0,-1.2,0,342.0,0,293.2,0,292.8,0,398.7,0,294.7,0,294.6,0,0.0,0,0.0,0,0.0,0,-56.7,0,-56.7,0,22.2,0,61.6,0,4.0,0,99.1,0,993.8,0
2005,191,7,10,3,0,3.000,104.89,-3.6,0,-0.2,0,-1.9,0,-1.2,0,341.5,0,293.1,0,292.7,0,397.9,0,294.6,0,294.5,0,0.0,0,0.0,0,0.0,0,-56.4,0,-56.4,0,21.8,0,63.9,0,3.8,0,102.0,0,993.8,0
2005,191,7,10,3,3,3.050,105.27,-3.7,0,-0.1,0,-1.7,0,-1.2,0,341.7,0,293.0,0,292.6,0,397.5,0,294.4,0,294.3,0,0.0,0,0.0,0,0.0,0,-55.8,0,-55.8,0,21.5,0,65.9,0,3.8,0,103.4,0,993.8,0
2005,191,7,10,3,6,3.100,105.66,-3.6,0,-0.3,0,-1.5,0,-1.2,0,341.6,0,292.9,0,292.6,0,397.0,0,294.3,0,294.2,0,0.0,0,0.0,0,0.0,0,-55.4,0,-55.4,0,21.4,0,66.4,0,3.7,0,99.1,0,993.8,0
2005,191,7,10,3,9,3.150,106.04,-3.7,0,-0.3,0,-1.3,0,-1.2,0,341.3,0,292.9,0,292.5,0,396.5,0,294.2,0,294.1,0,0.0,0,0.0,0,0.0,0,-55.2,0,-55.2,0,21.3,0,66.5,0,3.4,0,93.0,0,993.8,0
2005,191,7,10,3,12,3.200,106.41,-3.7,0,-0.3,0,-1.1,0,-1.2,0,341.0,0,292.8,0,292.5,0,396.3,0,294.0,0,293.9,0,0.0,0,0.0,0,0.0,0,-55.3,0,-55.3,0,21.2,0,66.3,0,3.4,0,86.0,0,993.8,0
2005,191,7,10,3,15,3.250,106.78,-3.6,0,-0.4,0,-1.0,0,-1.2,0,341.1,0,292.8,0,292.4,0,395.8,0,293.9,0,293.8,0,0.0,0,0.0,0,0.0,0,-54.8,0,-54.8,0,21.2,0,66.2,0,3.3,0,87.1,0,993.8,0
2005,191,7,10,3,18,3.300,107.14,-3.6,0,-0.4,0,-1.1,0,-1.1,0,340.9,0,292.7,0,292.3,0,395.4,0,293.8,0,293.7,0,0.0,0,0.0,0,0.0,0,-54.6,0,-54.6,0,21.0,0,66.9,0,3.4,0,89.0,0,993.8,0
2005,191,7,10,3,21,3.350,107.50,-3.5,0,-0.4,0,-1.2,0,-1.2,0,340.6,0,292.6,0,292.3,0,395.0,0,293.7,0,293.6,0,0.0,0,0.0,0,0.0,0,-54.4,0,-54.4,0,21.1,0,65.7,0,3.5,0,93.0,0,993.8,0
2005,191,7,10,3,24,3.400,107.86,-3.4,0,-0.4,0,-1.4,0,-1.2,0,340.3,0,292.5,0,292.2,0,394.4,0,293.6,0,293.5,0,0.0,0,0.0,0,0.0,0,-54.1,0,-54.1,0,21.0,0,65.9,0,3.5,0,95.2,0,993.9,0
2005,191,7,10,3,27,3.450,108.21,-3.4,0,-0.4,0,-1.5,0,-1.2,0,340.3,0,292.5,0,292.1,0,394.0,0,293.5,0,293.5,0,0.0,0,0.0,0,0.0,0,-53.7,0,-53.7,0,21.0,0,65.5,0,3.5,0,98.5,0,993.9,0
2005,191,7,10,3,30,3.500,108.55,-3.4,0,-0.9,0,-1.5,0,-1.2,0,341.1,0,292.4,0,292.0,0,394.1,0,293.5,0,293.4,0,0.0,0,0.0,0,0.0,0,-53.0,0,-53.0,0,21.3,0,63.1,0,3.4,0,97.9,0,993.9,0
2005,191,7,10,3,33,3.550,108.89,-3.4,0,-1.1,0,-1.4,0,-1.1,0,341.6,0,292.3,0,291.9,0,394.3,0,293.5,0,293.5,0,0.0,0,0.0,0,0.0,0,-52.7,0,-52.7,0,21.7,0,60.4,0,3.6,0,97.4,0,993.9,0
2005,191,7,10,3,36,3.600,109.23,-3.5,0,-1.1,0,-1.1,0,-1.1,0,341.6,0,292.2,0,291.9,0,394.3,0,293.6,0,293.5,0,0.0,0,0.0,0,0.0,0,-52.6,0,-52.6,0,21.9,0,59.9,0,3.7,0,96.8,0,993.9,0
2005,191,7,10,3,39,3.650,109.55,-3.4,0,-1.0,0,-1.1,0,-1.0,0,341.2,0,292.2,0,291.8,0,393.7,0,293.6,0,293.6,0,0.0,0,0.0,0,0.0,0,-52.5,0,-52.5,0,21.7,0,60.9,0,3.6,0,98.3,0,994.0,0
2005,191,7,10,3,42,3.700,109.88,-3.5,0,-0.5,0,-1.2,0,-1.0,0,340.6,0,292.1,0,291.8,0,392.9,0,293.6,0,293.5,0,0.0,0,0.0,0,0.0,0,-52.3,0,-52.3,0,21.3,0,63.0,0,3.5,0,103.8,0,994.0,0
2005,191,7,10,3,45,3.750,110.20,-3.6,0,-0.7,0,-1.2,0,-0.9,0,341.0,0,292.1,0,291.7,0,392.8,0,293.6,0,293.5,0,0.0,0,0.0,0,0.0,0,-51.8,0,-51.8,0,21.2,0,63.4,0,3.7,0,104.3,0,994.0,0
2005,191,7,10,3,48,3.800,110.51,-3.6,0,-0.9,0,-1.0,0,-0.9,0,341.0,0,292.0,0,291.7,0,392.8,0,293.5,0,293.5,0,0.0,0,0.0,0,0.0,0,-51.8,0,-51.8,0,21.3,0,63.1,0,3.4,0,105.4,0,994.0,0
2005,191,7,10,3,51,3.850,110.82,-3.6,0,-0.9,0,-0.9,0,-0.9,0,341.0,0,292.0,0,291.7,0,392.7,0,293.5,0,293.5,0,0.0,0,0.0,0,0.0,0,-51.7,0,-51.7,0,21.3,0,63.1,0,3.5,0,106.0,0,994.0,0
2005,191,7,10,3,54,3.900,111.12,-3.6,0,-0.9,0,-0.9,0,-0.9,0,340.9,0,291.9,0,291.6,0,392.6,0,293.5,0,293.5,0,0.0,0,0.0,0,0.0,0,-51.7,0,-51.7,0,21.3,0,62.9,0,3.7,0,107.9,0,994.0,0
2005,191,7,10,3,57,3.950,111.41,-3.6,0,-1.0,0,-0.9,0,-0.9,0,340.9,0,291.9,0,291.6,0,392.7,0,293.5,0,293.5,0,0.0,0,0.0,0,0.0,0,-51.8,0,-51.8,0,21.3,0,62.9,0,4.0,0,107.6,0,994.1,0
2005,191,7,10,4,0,4.000,111.70,-3.6,0,-0.8,0,-0.9,0,-0.9,0,340.8,0,291.9,0,291.5,0,392.6,0,293.5,0,293.4,0,0.0,0,0.0,0,0.0,0,-51.7,0,-51.7,0,21.3,0,63.0,0,3.9,0,107.0,0,994.2,0
2005,191,7,10,4,3,4.050,111.99,-3.6,0,-0.6,0,-0.8,0,-0.9,0,340.9,0,291.8,0,291.5,0,394.9,0,293.6,0,293.4,0,0.0,0,0.0,0,0.0,0,-54.1,0,-54.1,0,21.2,0,63.5,0,3.8,0,108.4,0,994.2,0
2005,191,7,10,4,6,4.100,112.26,-3.7,0,-0.6,0,-0.8,0,-0.9,0,340.8,0,291.8,0,291.5,0,391.8,0,293.4,0,293.4,0,0.0,0,0.0,0,0.0,0,-51.0,0,-51.0,0,21.2,0,63.4,0,3.6,0,115.1,0,994.2,0
2005,191,7,10,4,9,4.150,112.54,-3.8,0,-0.6,0,-0.7,0,-0.8,0,340.8,0,291.8,0,291.5,0,391.4,0,293.4,0,293.3,0,0.0,0,0.0,0,0.0,0,-50.7,0,-50.7,0,21.1,0,64.1,0,3.7,0,118.6,0,994.2,0
2005,191,7,10,4,12,4.200,112.80,-3.8,0,-0.4,0,-0.6,0,-0.8,0,340.9,0,291.7,0,291.4,0,-9999.9,1,-9999.9,1,293.3,0,0.0,0,0.0,0,0.0,0,-9999.9,1,-9999.9,1,20.8,0,65.1,0,3.8,0,121.7,0,994.3,0
2005,191,7,10,4,15,4.250,113.06,-3.9,0,-0.3,0,-0.5,0,-0.8,0,339.6,0,291.7,0,291.4,0,-9999.9,1,-9999.9,1,293.2,0,0.0,0,0.0,0,0.0,0,-9999.9,1,-9999.9,1,20.6,0,66.4,0,3.8,0,136.8,0,994.3,0
2005,191,7,10,4,18,4.300,113.32,-4.0,0,-0.7,0,-0.6,0,-0.8,0,340.8,0,291.7,0,291.4,0,-9999.9,1,-9999.9,1,293.1,0,0.0,0,0.0,0,0.0,0,-9999.9,1,-9999.9,1,20.7,0,64.9,0,4.0,0,128.6,0,994.3,0
2005,191,7,10,4,21,4.350,113.56,-3.9,0,-1.0,0,-0.3,0,-0.8,0,341.7,0,291.7,0,291.4,0,-9999.9,1,-9999.9,1,293.1,0,0.0,0,0.0,0,0.0,0,-9999.9,1,-9999.9,1,21.0,0,63.5,0,4.1,0,121.3,0,994.3,0
2005,191,7,10,4,24,4.400,113.80,-4.0,0,-0.7,0,0.0,0,-0.7,0,341.8,0,291.7,0,291.4,0,-9999.9,1,-9999.9,1,293.1,0,0.0,0,0.0,0,0.0,0,-9999.9,1,-9999.9,1,20.9,0,64.0,0,4.1,0,123.1,0,994.4,0
2005,191,7,10,4,27,4.450,114.04,-4.0,0,-0.5,0,0.3,0,-0.7,0,341.5,0,291.7,0,291.5,0,-9999.9,1,-9999.9,1,293.1,0,0.0,0,0.0,0,0.0,0,-9999.9,1,-9999.9,1,20.7,0,64.6,0,3.9,0,120.1,0,994.4,0
2005,191,7,10,4,30,4.500,114.26,-4.0,0,-0.4,0,0.1,0,-0.7,0,341.0,0,291.8,0,291.5,0,-9999.9,1,-9999.9,1,293.0,0,0.0,0,0.0,0,0.0,0,-9999.9,1,-9999.9,1,20.6,0,65.1,0,3.6,0,115.8,0,994.4,0
2005,191,7,10,4,33,4.550,114.48,-3.9,0,-0.3,0,-0.1,0,-0.8,0,340.9,0,291.8,0,291.5,0,-9999.9,1,-9999.9,1,293.0,0,0.0,0,0.0,0,0.0,0,-9999.9,1,-9999.9,1,20.5,0,65.9,0,3.7,0,114.0,0,994.4,0
2005,191,7,10,4,36,4.600,114.70,-3.8,0,-0.4,0,-0.3,0,-0.9,0,340.5,0,291.7,0,291.4,0,-9999.9,1,-9999.9,1,292.9,0,0.0,0,0.0,0,0.0,0,-9999.9,1,-9999.9,1,20.4,0,66.1,0,3.8,0,114.0,0,994.4,0
2005,191,7,10,4,39,4.650,114.91,-3.8,0,-0.6,0,-0.6,0,-0.9,0,340.2,0,291.7,0,291.4,0,-9999.9,1,-9999.9,1,292.9,0,0.0,0,0.0,0,0.0,0,-9999.9,1,-9999.9,1,20.6,0,65.4,0,3.7,0,111.6,0,994.4,0
2005,191,7,10,4,42,4.700,115.11,-3.6,0,-0.6,0,-0.7,0,-1.0,0,339.8,0,291.7,0,291.3,0,-9999.9,1,-9999.9,1,292.8,0,0.0,0,0.0,0,0.0,0,-9999.9,1,-9999.9,1,20.5,0,66.1,0,3.7,0,112.5,0,994.5,0
2005,191,7,10,4,45,4.750,115.30,-3.6,0,-0.6,0,-0.8,0,-1.0,0,339.9,0,291.6,0,291.3,0,-9999.9,1,-9999.9,1,292.8,0,0.0,0,0.0,0,0.0,0,-9999.9,1,-9999.9,1,20.5,0,66.2,0,3.8,0,114.6,0,994.5,0
2005,191,7,10,4,48,4.800,115.49,-3.7,0,-0.8,0,-0.7,0,-0.9,0,340.2,0,291.6,0,291.3,0,-9999.9,1,-9999.9,1,292.8,0,0.0,0,0.1,0,0.0,0,-9999.9,1,-9999.9,1,20.7,0,65.0,0,3.9,0,116.4,0,994.5,0
2005,191,7,10,4,51,4.850,115.67,-3.8,0,-0.8,0,-0.4,0,-0.9,0,340.4,0,291.5,0,291.2,0,-9999.9,1,-9999.9,1,292.8,0,0.0,0,0.0,0,0.0,0,-9999.9,1,-9999.9,1,20.8,0,64.5,0,3.8,0,114.2,0,994.5,0
2005,191,7,10,4,54,4.900,115.84,-3.7,0,-0.6,0,-0.4,0,-0.9,0,339.9,0,291.5,0,291.2,0,-9999.9,1,-9999.9,1,292.8,0,0.0,0,0.0,0,0.0,0,-9999.9,1,-9999.9,1,20.7,0,65.1,0,3.5,0,110.6,0,994.5,0
2005,191,7,10,4,57,4.950,116.00,-3.6,0,-0.4,0,-0.5,0,-0.9,0,338.8,0,291.5,0,291.2,0,-9999.9,1,-9999.9,1,292.7,0,0.0,0,0.0,0,0.0,0,-9999.9,1,-9999.9,1,20.3,0,66.8,0,3.1,0,109.9,0,994.5,0
2005,191,7,10,5,0,5.000,116.16,-3.5,0,-0.3,0,-0.6,0,-1.0,0,338.1,0,291.4,0,291.1,0,-9999.9,1,-9999.9,1,292.6,0,0.0,0,0.0,0,0.0,0,-9999.9,1,-9999.9,1,20.1,0,68.1,0,3.0,0,106.7,0,994.5,0
2005,191,7,10,5,3,5.050,116.31,-3.3,0,-0.5,0,-0.7,0,-1.1,0,337.6,0,291.4,0,291.0,0,-9999.9,1,-9999.9,1,292.5,0,0.0,0,0.0,0,0.0,0,-9999.9,1,-9999.9,1,20.0,0,68.3,0,3.2,0,106.4,0,994.5,0
2005,191,7,10,5,6,5.100,116.45,-3.3,0,-0.6,0,-0.8,0,-1.1,0,337.3,0,291.3,0,291.0,0,-9999.9,1,-9999.9,1,292.5,0,0.0,0,0.0,0,0.0,0,-9999.9,1,-9999.9,1,20.0,0,68.3,0,3.3,0,105.2,0,994.5,0
2005,191,7,10,5,9,5.150,116.59,-3.4,0,-0.5,0,-0.9,0,-1.1,0,336.7,0,291.2,0,290.9,0,-9999.9,1,-9999.9,1,292.4,0,0.0,0,0.0,0,0.0,0,-9999.9,1,-9999.9,1,20.0,0,68.7,0,3.3,0,103.2,0,994.5,0
2005,191,7,10,5,12,5.200,116.72,-3.5,0,-0.4,0,-0.9,0,-1.1,0,336.4,0,291.2,0,290.8,0,-9999.9,1,-9999.9,1,292.3,0,0.0,0,0.0,0,0.0,0,-9999.9,1,-9999.9,1,19.8,0,69.9,0,3.4,0,99.7,0,994.5,0
2005,191,7,10,5,15,5.250,116.84,-3.6,0,-0.6,0,-0.9,0,-1.1,0,336.4,0,291.1,0,290.8,0,-9999.9,1,-9999.9,1,292.3,0,0.0,0,0.0,0,0.0,0,-9999.9,1,-9999.9,1,19.9,0,69.0,0,3.7,0,95.8,0,994.5,0
2005,191,7,10,5,18,5.300,116.95,-3.7,0,-0.9,0,-0.8,0,-1.0,0,336.3,0,291.0,0,290.7,0,-9999.9,1,-9999.9,1,292.3,0,0.0,0,0.0,0,0.0,0,-9999.9,1,-9999.9,1,20.1,0,67.9,0,4.0,0,92.1,0,994.5,0
2005,191,7,10,5,21,5.350,117.06,-3.9,0,-0.7,0,-0.3,0,-0.9,0,336.4,0,291.0,0,290.7,0,-9999.9,1,-9999.9,1,292.3,0,0.0,0,0.0,0,0.0,0,-9999.9,1,-9999.9,1,20.2,0,68.0,0,4.4,0,90.2,0,994.5,0
2005,191,7,10,5,24,5.400,117.16,-4.0,0,-0.8,0,0.2,0,-0.7,0,337.4,0,291.0,0,290.8,0,-9999.9,1,-9999.9,1,292.4,0,0.0,0,0.0,0,0.0,0,-9999.9,1,-9999.9,1,20.2,0,67.5,0,4.3,0,98.4,0,994.5,0
2005,191,7,10,5,27,5.450,117.25,-4.0,0,-1.1,0,0.6,0,-0.6,0,337.7,0,291.1,0,290.8,0,-9999.9,1,-9999.9,1,292.4,0,0.0,0,0.0,0,0.0,0,-9999.9,1,-9999.9,1,20.4,0,66.6,0,4.2,0,103.1,0,994.4,0
2005,191,7,10,5,30,5.500,117.33,-4.0,0,-0.5,0,0.7,0,-0.7,0,336.5,0,291.1,0,290.9,0,-9999.9,1,-9999.9,1,292.4,0,0.0,0,0.0,0,0.0,0,-9999.9,1,-9999.9,1,20.1,0,68.1,0,3.9,0,98.7,0,994.4,0
2005,191,7,10,5,33,5.550,117.41,-4.0,0,0.2,0,0.7,0,-0.8,0,335.2,0,291.2,0,290.9,0,-9999.9,1,-9999.9,1,292.3,0,0.0,0,0.0,0,0.0,0,-9999.9,1,-9999.9,1,19.4,0,71.5,0,4.0,0,88.2,0,994.4,0
2005,191,7,10,5,36,5.600,117.47,-4.0,0,-0.1,0,0.6,0,-0.8,0,335.4,0,291.2,0,290.9,0,-9999.9,1,-9999.9,1,292.2,0,0.0,0,0.0,0,0.0,0,-9999.9,1,-9999.9,1,19.3,0,71.8,0,4.3,0,93.9,0,994.3,0
2005,191,7,10,5,39,5.650,117.53,-4.0,0,-0.6,0,0.5,0,-0.8,0,335.7,0,291.2,0,290.9,0,-9999.9,1,-9999.9,1,292.2,0,0.0,0,0.0,0,0.0,0,-9999.9,1,-9999.9,1,19.6,0,70.2,0,4.4,0,101.1,0,994.3,0
2005,191,7,10,5,42,5.700,117.59,-4.1,0,-0.7,0,0.4,0,-0.8,0,335.3,0,291.3,0,291.0,0,-9999.9,1,-9999.9,1,292.2,0,0.0,0,0.0,0,0.0,0,-9999.9,1,-9999.9,1,19.8,0,69.3,0,4.4,0,103.5,0,994.3,0
2005,191,7,10,5,45,5.750,117.63,-4.0,0,-0.6,0,0.4,0,-0.8,0,334.8,0,291.3,0,291.0,0,-9999.9,1,-9999.9,1,292.2,0,0.0,0,0.0,0,0.0,0,-9999.9,1,-9999.9,1,19.8,0,69.6,0,4.1,0,101.3,0,994.3,0
2005,191,7,10,5,48,5.800,117.67,-4.0,0,-0.2,0,0.4,0,-0.9,0,334.2,0,291.3,0,291.0,0,-9999.9,1,-9999.9,1,292.1,0,0.0,0,0.0,0,0.0,0,-9999.9,1,-9999.9,1,19.6,0,70.4,0,4.2,0,100.3,0,994.3,0
2005,191,7,10,5,51,5.850,117.70,-4.1,0,-0.6,0,0.3,0,-0.9,0,334.0,0,291.3,0,291.0,0,-9999.9,1,-9999.9,1,292.1,0,0.0,0,0.0,0,0.0,0,-9999.9,1,-9999.9,1,19.8,0,69.3,0,4.3,0,100.0,0,994.2,0
2005,191,7,10,5,54,5.900,117.72,-4.1,0,-0.8,0,0.3,0,-0.8,0,333.7,0,291.4,0,291.1,0,-9999.9,1,-9999.9,1,292.1,0,0.0,0,0.0,0,0.0,0,-9999.9,1,-9999.9,1,20.0,0,68.6,0,4.4,0,100.7,0,994.2,0
2005,191,7,10,5,57,5.950,117.73,-4.1,0,-0.2,0,0.5,0,-0.8,0,333.5,0,291.4,0,291.1,0,-9999.9,1,-9999.9,1,292.1,0,0.0,0,0.0,0,0.0,0,-9999.9,1,-9999.9,1,19.6,0,70.7,0,3.9,0,100.6,0,994.2,0
2005,191,7,10,6,0,6.000,117.73,-4.1,0,0.0,0,0.4,0,-0.9,0,333.0,0,291.4,0,291.1,0,-9999.9,1,-9999.9,1,292.0,0,0.0,0,0.0,0,0.0,0,-9999.9,1,-9999.9,1,19.2,0,72.5,0,3.7,0,97.3,0,994.2,0
2005,191,7,10,6,3,6.050,117.73,-4.0,0,0.0,0,0.0,0,-0.9,0,332.1,0,291.4,0,291.1,0,-9999.9,1,-9999.9,1,291.9,0,0.0,0,0.0,0,0.0,0,-9999.9,1,-9999.9,1,19.0,0,72.9,0,3.5,0,100.7,0,994.2,0
2005,191,7,10,6,6,6.100,117.72,-4.0,0,0.0,0,-0.3,0,-1.0,0,331.2,0,291.4,0,291.1,0,-9999.9,1,-9999.9,1,291.8,0,0.0,0,0.0,0,0.0,0,-9999.9,1,-9999.9,1,18.8,0,73.7,0,3.6,0,104.0,0,994.3,0
2005,191,7,10,6,9,6.150,117.70,-4.0,0,0.1,0,-0.6,0,-0.9,0,330.9,0,291.4,0,291.0,0,-9999.9,1,-9999.9,1,291.7,0,0.0,0,0.0,0,0.0,0,-9999.9,1,-9999.9,1,18.6,0,74.8,0,3.5,0,107.4,0,994.3,0
2005,191,7,10,6,12,6.200,117.68,-4.0,0,0.1,0,-0.8,0,-1.0,0,331.2,0,291.3,0,291.0,0,-9999.9,1,-9999.9,1,291.5,0,0.0,0,0.0,0,0.0,0,-9999.9,1,-9999.9,1,18.4,0,75.7,0,3.7,0,105.9,0,994.3,0
2005,191,7,10,6,15,6.250,117.64,-4.0,0,0.0,0,-0.8,0,-1.0,0,331.5,0,291.3,0,290.9,0,-9999.9,1,-9999.9,1,291.4,0,0.0,0,0.0,0,0.0,0,-9999.9,1,-9999.9,1,18.5,0,75.2,0,3.9,0,109.4,0,994.3,0
2005,191,7,10,6,18,6.300,117.60,-4.0,0,-0.7,0,-0.7,0,-1.0,0,332.0,0,291.2,0,290.9,0,-9999.9,1,-9999.9,1,291.5,0,0.0,0,0.0,0,0.0,0,-9999.9,1,-9999.9,1,19.0,0,72.5,0,4.2,0,113.0,0,994.3,0
2005,191,7,10,6,21,6.350,117.55,-4.0,0,-0.9,0,-0.4,0,-0.9,0,332.1,0,291.2,0,290.9,0,-9999.9,1,-9999.9,1,291.5,0,0.0,0,0.0,0,0.0,0,-9999.9,1,-9999.9,1,19.4,0,70.6,0,4.2,0,111.0,0,994.3,0
2005,191,7,10,6,24,6.400,117.49,-4.0,0,-0.7,0,-0.4,0,-0.9,0,331.8,0,291.2,0,290.8,0,-9999.9,1,-9999.9,1,291.5,0,0.0,0,0.0,0,0.0,0,-9999.9,1,-9999.9,1,19.4,0,70.5,0,3.9,0,107.0,0,994.3,0
2005,191,7,10,6,27,6.450,117.43,-3.9,0,-0.4,0,-0.6,0,-1.0,0,331.0,0,291.1,0,290.8,0,389.5,0,291.6,0,291.5,0,0.0,0,0.0,0,0.0,0,-58.4,0,-58.4,0,19.2,0,71.1,0,3.6,0,101.1,0,994.3,0
2005,191,7,10,6,30,6.500,117.35,-3.8,0,-0.2,0,-0.9,0,-1.0,0,330.8,0,291.1,0,290.7,0,390.3,0,291.6,0,291.5,0,0.0,0,0.0,0,0.0,0,-59.5,0,-59.5,0,18.9,0,72.5,0,3.9,0,104.1,0,994.3,0
2005,191,7,10,6,33,6.550,117.27,-3.9,0,-0.4,0,-0.9,0,-1.0,0,330.7,0,291.0,0,290.7,0,389.2,0,291.5,0,291.4,0,0.0,0,0.0,0,0.0,0,-58.5,0,-58.5,0,18.9,0,72.5,0,4.1,0,107.0,0,994.3,0
2005,191,7,10,6,36,6.600,117.18,-3.9,0,-0.1,0,-0.8,0,-0.9,0,330.5,0,291.0,0,290.6,0,389.1,0,291.4,0,291.4,0,0.0,0,0.0,0,0.0,0,-58.6,0,-58.6,0,18.7,0,73.2,0,3.9,0,109.3,0,994.3,0
2005,191,7,10,6,39,6.650,117.09,-4.0,0,-0.4,0,-0.5,0,-0.9,0,330.9,0,290.9,0,290.6,0,390.1,0,291.4,0,291.3,0,0.0,0,0.0,0,0.0,0,-59.2,0,-59.2,0,18.7,0,73.1,0,4.3,0,108.9,0,994.3,0
2005,191,7,10,6,42,6.700,116.98,-4.0,0,-0.7,0,0.0,0,-0.8,0,331.0,0,290.9,0,290.6,0,390.9,0,291.4,0,291.4,0,0.0,0,0.0,0,0.0,0,-59.9,0,-59.9,0,18.9,0,71.9,0,4.2,0,108.3,0,994.3,0
2005,191,7,10,6,45,6.750,116.87,-4.0,0,-0.4,0,0.0,0,-0.9,0,330.2,0,290.9,0,290.6,0,390.0,0,291.4,0,291.3,0,0.0,0,0.0,0,0.0,0,-59.8,0,-59.8,0,18.8,0,72.8,0,4.1,0,107.3,0,994.3,0
2005,191,7,10,6,48,6.800,116.75,-4.0,0,-0.1,0,-0.3,0,-0.9,0,329.6,0,290.9,0,290.6,0,388.9,0,291.3,0,291.3,0,0.0,0,0.0,0,0.0,0,-59.3,0,-59.3,0,18.6,0,73.7,0,3.8,0,106.1,0,994.3,0
2005,191,7,10,6,51,6.850,116.63,-3.9,0,0.0,0,-0.6,0,-1.0,0,329.2,0,290.9,0,290.5,0,389.8,0,291.3,0,291.2,0,0.0,0,0.0,0,0.0,0,-60.6,0,-60.6,0,18.2,0,75.3,0,3.9,0,103.6,0,994.3,0
2005,191,7,10,6,54,6.900,116.49,-4.0,0,-0.3,0,-0.7,0,-1.0,0,329.6,0,290.9,0,290.5,0,389.0,0,291.1,0,291.1,0,0.0,0,0.0,0,0.0,0,-59.4,0,-59.4,0,18.4,0,74.2,0,4.1,0,104.2,0,994.4,0
2005,191,7,10,6,57,6.950,116.35,-4.0,0,-0.1,0,-0.5,0,-0.9,0,329.6,0,290.8,0,290.5,0,389.2,0,291.1,0,291.1,0,0.0,0,0.0,0,0.0,0,-59.6,0,-59.6,0,18.4,0,74.7,0,4.3,0,100.7,0,994.4,0
2005,191,7,10,7,0,7.000,116.20,-4.0,0,-0.1,0,-0.3,0,-0.9,0,329.5,0,290.8,0,290.5,0,390.1,0,291.1,0,291.0,0,0.0,0,0.0,0,0.0,0,-60.7,0,-60.7,0,18.3,0,75.1,0,4.1,0,99.5,0,994.4,0
2005,191,7,10,7,3,7.050,116.05,-4.0,0,-0.1,0,-0.1,0,-0.9,0,329.8,0,290.8,0,290.5,0,390.7,0,291.0,0,291.0,0,0.0,0,0.0,0,0.0,0,-61.0,0,-61.0,0,18.2,0,75.4,0,4.1,0,102.2,0,994.3,0
2005,191,7,10,7,6,7.100,115.88,-4.1,0,-0.5,0,0.4,0,-0.8,0,330.4,0,290.8,0,290.5,0,391.3,0,291.0,0,291.0,0,0.0,0,0.0,0,0.0,0,-60.8,0,-60.8,0,18.3,0,74.7,0,4.3,0,104.7,0,994.4,0
2005,191,7,10,7,9,7.150,115.71,-4.2,0,-0.5,0,0.7,0,-0.7,0,330.0,0,290.9,0,290.6,0,391.3,0,291.0,0,291.0,0,0.0,0,0.0,0,0.0,0,-61.4,0,-61.4,0,18.4,0,73.9,0,4.1,0,103.8,0,994.4,0
2005,191,7,10,7,12,7.200,115.54,-4.2,0,-0.4,0,0.6,0,-0.8,0,329.5,0,290.9,0,290.6,0,391.2,0,291.0,0,291.0,0,0.0,0,0.0,0,0.0,0,-61.8,0,-61.8,0,18.4,0,74.3,0,4.2,0,100.0,0,994.4,0
2005,191,7,10,7,15,7.250,115.35,-4.1,0,-0.5,0,0.4,0,-0.9,0,329.6,0,290.9,0,290.6,0,390.8,0,291.0,0,291.0,0,0.0,0,0.0,0,0.0,0,-61.3,0,-61.3,0,18.5,0,74.0,0,4.1,0,101.7,0,994.4,0
2005,191,7,10,7,18,7.300,115.16,-4.2,0,-0.7,0,0.4,0,-0.9,0,330.2,0,290.9,0,290.6,0,391.6,0,291.0,0,291.0,0,0.0,0,0.0,0,0.0,0,-61.5,0,-61.5,0,18.6,0,73.5,0,4.4,0,99.9,0,994.4,0
2005,191,7,10,7,21,7.350,114.96,-4.2,0,-1.2,0,0.7,0,-0.8,0,331.0,0,291.0,0,290.7,0,393.1,0,291.1,0,291.1,0,0.0,0,0.0,0,0.0,0,-62.1,0,-62.1,0,19.0,0,71.0,0,4.9,0,100.1,0,994.4,0
2005,191,7,10,7,24,7.400,114.76,-4.2,0,-1.2,0,0.9,0,-0.7,0,330.5,0,291.0,0,290.8,0,392.9,0,291.2,0,291.3,0,0.0,0,0.0,0,0.0,0,-62.4,0,-62.4,0,19.3,0,69.7,0,4.4,0,94.8,0,994.4,0
2005,191,7,10,7,27,7.450,114.55,-4.2,0,-0.6,0,0.8,0,-0.8,0,330.3,0,291.1,0,290.8,0,392.4,0,291.3,0,291.3,0,0.0,0,0.0,0,0.0,0,-62.1,0,-62.1,0,18.9,0,71.7,0,4.4,0,96.2,0,994.4,0
2005,191,7,10,7,30,7.500,114.33,-4.2,0,-0.4,0,0.6,0,-0.8,0,330.5,0,291.1,0,290.8,0,392.2,0,291.3,0,291.3,0,0.0,0,0.0,0,0.0,0,-61.6,0,-61.6,0,18.8,0,72.0,0,4.5,0,94.6,0,994.3,0
2005,191,7,10,7,33,7.550,114.10,-4.2,0,-0.7,0,0.3,0,-0.9,0,330.5,0,291.2,0,290.8,0,392.0,0,291.3,0,291.3,0,0.0,0,0.0,0,0.0,0,-61.5,0,-61.5,0,19.0,0,70.7,0,4.7,0,91.9,0,994.3,0
2005,191,7,10,7,36,7.600,113.87,-4.2,0,-0.8,0,0.2,0,-0.9,0,330.7,0,291.2,0,290.9,0,392.4,0,291.4,0,291.4,0,0.0,0,0.0,0,0.0,0,-61.7,0,-61.7,0,19.1,0,69.6,0,4.9,0,92.7,0,994.3,0
2005,191,7,10,7,39,7.650,113.63,-4.2,0,-0.7,0,0.1,0,-0.9,0,330.5,0,291.2,0,290.9,0,392.3,0,291.4,0,291.4,0,0.0,0,0.0,0,0.0,0,-61.8,0,-61.8,0,19.2,0,69.5,0,4.7,0,95.2,0,994.2,0
2005,191,7,10,7,42,7.700,113.39,-4.2,0,-0.7,0,0.0,0,-0.9,0,330.5,0,291.2,0,290.9,0,392.4,0,291.5,0,291.4,0,0.0,0,0.0,0,0.0,0,-61.9,0,-61.9,0,19.1,0,69.7,0,4.8,0,97.9,0,994.3,0
2005,191,7,10,7,45,7.750,113.13,-4.2,0,-0.8,0,0.0,0,-1.0,0,330.5,0,291.2,0,290.9,0,392.4,0,291.5,0,291.5,0,0.0,0,0.0,0,0.0,0,-61.9,0,-61.9,0,19.2,0,69.2,0,4.7,0,98.3,0,994.2,0
2005,191,7,10,7,48,7.800,112.88,-4.2,0,-0.8,0,-0.1,0,-1.0,0,330.2,0,291.2,0,290.9,0,392.1,0,291.5,0,291.5,0,0.0,0,0.0,0,0.0,0,-61.9,0,-61.9,0,19.3,0,68.4,0,4.4,0,95.6,0,994.3,0
2005,191,7,10,7,51,7.850,112.61,-4.1,0,-0.7,0,-0.1,0,-0.9,0,330.1,0,291.2,0,290.9,0,391.6,0,291.6,0,291.5,0,0.0,0,0.0,0,0.0,0,-61.5,0,-61.5,0,19.3,0,68.7,0,4.2,0,91.8,0,994.3,0
2005,191,7,10,7,54,7.900,112.34,-4.0,0,-0.6,0,-0.2,0,-1.0,0,329.8,0,291.2,0,290.8,0,392.7,0,291.6,0,291.5,0,0.0,0,0.0,0,0.0,0,-62.9,0,-62.9,0,19.2,0,68.7,0,4.5,0,95.9,0,994.3,0
2005,191,7,10,7,57,7.950,112.07,-4.0,0,-0.7,0,-0.4,0,-1.0,0,329.8,0,291.2,0,290.8,0,391.2,0,291.6,0,291.6,0,0.0,0,0.0,0,0.0,0,-61.4,0,-61.4,0,19.3,0,67.8,0,4.4,0,96.9,0,994.3,0
2005,191,7,10,8,0,8.000,111.78,-4.0,0,-0.5,0,-0.7,0,-1.0,0,329.3,0,291.1,0,290.8,0,-9999.9,1,-9999.9,1,291.6,0,0.0,0,0.0,0,0.0,0,-9999.9,1,-9999.9,1,19.2,0,68.4,0,4.3,0,95.0,0,994.3,0
2005,191,7,10,8,3,8.050,111.50,-4.0,0,-0.1,0,-0.8,0,-1.1,0,329.1,0,291.1,0,290.7,0,-9999.9,1,-9999.9,1,291.5,0,0.0,0,0.0,0,0.0,0,-9999.9,1,-9999.9,1,18.8,0,70.0,0,4.2,0,90.8,0,994.3,0
2005,191,7,10,8,6,8.100,111.20,-3.9,0,0.0,0,-1.0,0,-1.2,0,329.2,0,291.0,0,290.6,0,-9999.9,1,-9999.9,1,291.4,0,0.0,0,0.0,0,0.0,0,-9999.9,1,-9999.9,1,18.6,0,70.6,0,4.5,0,92.8,0,994.3,0
2005,191,7,10,8,9,8.150,110.90,-4.0,0,-0.4,0,-1.0,0,-1.1,0,329.2,0,291.0,0,290.6,0,-9999.9,1,-9999.9,1,291.4,0,0.0,0,0.0,0,0.0,0,-9999.9,1,-9999.9,1,18.8,0,69.4,0,4.3,0,91.2,0,994.3,0
2005,191,7,10,8,12,8.200,110.60,-4.0,0,-0.3,0,-0.9,0,-1.1,0,329.0,0,290.9,0,290.5,0,-9999.9,1,-9999.9,1,291.3,0,0.0,0,0.0,0,0.0,0,-9999.9,1,-9999.9,1,18.8,0,69.6,0,4.3,0,90.2,0,994.3,0
2005,191,7,10,8,15,8.250,110.29,-3.9,0,-0.3,0,-0.8,0,-1.0,0,329.0,0,290.8,0,290.5,0,-9999.9,1,-9999.9,1,291.3,0,0.0,0,0.0,0,0.0,0,-9999.9,1,-9999.9,1,18.8,0,69.4,0,4.2,0,90.6,0,994.3,0
2005,191,7,10,8,18,8.300,109.97,-3.9,0,-0.4,0,-0.8,0,-1.0,0,328.9,0,290.8,0,290.4,0,-9999.9,1,-9999.9,1,291.2,0,0.0,0,0.0,0,0.0,0,-9999.9,1,-9999.9,1,18.8,0,69.2,0,4.2,0,91.5,0,994.3,0
2005,191,7,10,8,21,8.350,109.65,-3.9,0,0.0,0,-0.9,0,-1.0,0,328.7,0,290.7,0,290.4,0,-9999.9,1,-9999.9,1,291.2,0,0.0,0,0.0,0,0.0,0,-9999.9,1,-9999.9,1,18.5,0,70.5,0,4.1,0,93.4,0,994.4,0
2005,191,7,10,8,24,8.400,109.32,-3.9,0,-0.4,0,-0.9,0,-1.0,0,328.8,0,290.7,0,290.3,0,-9999.9,1,-9999.9,1,291.1,0,0.0,0,0.0,0,0.0,0,-9999.9,1,-9999.9,1,18.6,0,69.6,0,4.2,0,93.2,0,994.3,0
2005,191,7,10,8,27,8.450,108.99,-3.8,0,-0.6,0,-1.0,0,-1.1,0,328.6,0,290.6,0,290.3,0,-9999.9,1,-9999.9,1,291.1,0,0.0,0,0.0,0,0.0,0,-9999.9,1,-9999.9,1,18.8,0,68.6,0,4.3,0,93.9,0,994.3,0
2005,191,7,10,8,30,8.500,108.65,-3.8,0,-0.9,0,-1.1,0,-1.1,0,328.4,0,290.6,0,290.2,0,-9999.9,1,-9999.9,1,291.2,0,0.0,0,0.0,0,0.0,0,-9999.9,1,-9999.9,1,19.2,0,66.6,0,4.2,0,91.2,0,994.3,0
2005,191,7,10,8,33,8.550,108.31,-3.8,0,-0.4,0,-0.9,0,-1.0,0,328.8,0,290.5,0,290.1,0,-9999.9,1,-9999.9,1,291.1,0,0.0,0,0.0,0,0.0,0,-9999.9,1,-9999.9,1,18.8,0,69.1,0,4.3,0,92.9,0,994.3,0
2005,191,7,10,8,36,8.600,107.96,-3.8,0,-0.6,0,-0.9,0,-1.0,0,328.8,0,290.4,0,290.1,0,-9999.9,1,-9999.9,1,291.1,0,0.0,0,0.0,0,0.0,0,-9999.9,1,-9999.9,1,18.8,0,68.4,0,4.3,0,95.4,0,994.4,0
2005,191,7,10,8,39,8.650,107.60,-3.8,0,-0.8,0,-0.9,0,-1.0,0,328.6,0,290.4,0,290.0,0,-9999.9,1,-9999.9,1,291.1,0,0.0,0,0.0,0,0.0,0,-9999.9,1,-9999.9,1,19.0,0,67.4,0,4.1,0,97.0,0,994.4,0
2005,191,7,10,8,42,8.700,107.25,-3.8,0,-0.8,0,-0.9,0,-1.0,0,327.9,0,290.3,0,290.0,0,-9999.9,1,-9999.9,1,291.2,0,0.0,0,0.0,0,0.0,0,-9999.9,1,-9999.9,1,19.2,0,66.3,0,3.9,0,98.9,0,994.4,0
2005,191,7,10,8,45,8.750,106.88,-3.8,0,-0.6,0,-1.0,0,-1.0,0,327.5,0,290.3,0,289.9,0,-9999.9,1,-9999.9,1,291.2,0,0.0,0,0.0,0,0.0,0,-9999.9,1,-9999.9,1,19.0,0,67.4,0,3.9,0,97.9,0,994.3,0
2005,191,7,10,8,48,8.800,106.52,-3.8,0,-0.6,0,-1.0,0,-1.0,0,327.3,0,290.2,0,289.9,0,385.1,0,291.2,0,291.1,0,0.0,0,0.0,0,0.0,0,-57.8,0,-57.8,0,18.8,0,68.0,0,4.2,0,97.4,0,994.3,0
2005,191,7,10,8,51,8.850,106.14,-3.8,0,-0.7,0,-1.0,0,-1.0,0,327.4,0,290.2,0,289.8,0,385.5,0,291.2,0,291.1,0,0.0,0,0.0,0,0.0,0,-58.1,0,-58.1,0,18.8,0,67.8,0,4.2,0,95.8,0,994.3,0
2005,191,7,10,8,54,8.900,105.77,-3.8,0,-0.4,0,-0.9,0,-1.0,0,327.3,0,290.1,0,289.8,0,385.8,0,291.2,0,291.1,0,0.0,0,0.0,0,0.0,0,-58.6,0,-58.6,0,18.7,0,68.4,0,4.2,0,95.7,0,994.3,0
2005,191,7,10,8,57,8.950,105.38,-3.8,0,-0.1,0,-0.9,0,-0.9,0,327.1,0,290.1,0,289.7,0,384.6,0,291.1,0,291.0,0,0.0,0,0.0,0,0.0,0,-57.5,0,-57.5,0,18.5,0,69.0,0,4.1,0,98.5,0,994.3,0
2005,191,7,10,9,0,9.000,105.00,-3.9,0,-0.4,0,-0.7,0,-0.9,0,327.6,0,290.0,0,289.7,0,385.1,0,291.0,0,291.0,0,0.0,0,0.0,0,0.0,0,-57.5,0,-57.5,0,18.5,0,68.6,0,4.3,0,101.6,0,994.4,0
2005,191,7,10,9,3,9.050,104.61,-3.9,0,-0.5,0,-0.6,0,-0.9,0,327.5,0,290.0,0,289.7,0,385.3,0,291.0,0,291.0,0,0.0,0,0.0,0,0.0,0,-57.8,0,-57.8,0,18.6,0,68.3,0,4.1,0,102.4,0,994.4,0
2005,191,7,10,9,6,9.100,104.21,-3.9,0,-0.3,0,-0.5,0,-0.9,0,327.1,0,290.0,0,289.6,0,384.5,0,290.9,0,290.9,0,0.0,0,0.0,0,0.0,0,-57.3,0,-57.3,0,18.5,0,68.9,0,4.1,0,105.7,0,994.4,0
2005,191,7,10,9,9,9.150,103.81,-3.8,0,-0.1,0,-0.5,0,-0.9,0,327.1,0,290.0,0,289.6,0,383.8,0,290.9,0,290.8,0,0.0,0,0.0,0,0.0,0,-56.6,0,-56.6,0,18.3,0,69.6,0,3.7,0,106.4,0,994.4,0
2005,191,7,10,9,12,9.200,103.41,-3.8,0,-0.4,0,-0.6,0,-0.9,0,326.9,0,289.9,0,289.6,0,383.1,0,290.8,0,290.8,0,0.0,0,0.0,0,0.0,0,-56.2,0,-56.2,0,18.4,0,69.2,0,3.6,0,106.9,0,994.4,0
2005,191,7,10,9,15,9.250,103.00,-3.7,0,-0.3,0,-0.7,0,-1.0,0,326.6,0,289.9,0,289.6,0,382.4,0,290.8,0,290.7,0,0.0,0,0.0,0,0.0,0,-55.8,0,-55.8,0,18.4,0,69.5,0,3.7,0,108.2,0,994.5,0
2005,191,7,10,9,18,9.300,102.59,-3.6,0,-0.7,0,-0.9,0,-1.0,0,326.2,0,289.8,0,289.5,0,383.2,0,290.8,0,290.7,0,0.0,0,0.0,0,0.0,0,-57.0,0,-57.0,0,18.5,0,68.4,0,3.6,0,107.5,0,994.4,0
2005,191,7,10,9,21,9.350,102.18,-3.4,0,-0.4,0,-1.0,0,-1.0,0,325.9,0,289.8,0,289.4,0,383.3,0,290.8,0,290.6,0,0.0,0,0.0,0,0.0,0,-57.4,0,-57.4,0,18.3,0,69.8,0,3.5,0,107.9,0,994.4,0
2005,191,7,10,9,24,9.400,101.76,-3.4,0,0.0,0,-1.2,0,-1.0,0,325.4,0,289.7,0,289.3,0,382.5,0,290.7,0,290.5,0,0.0,0,0.0,0,0.0,0,-57.1,0,-57.1,0,18.0,0,71.1,0,3.6,0,113.7,0,994.4,0
2005,191,7,10,9,27,9.450,101.33,-3.5,0,-0.3,0,-1.2,0,-1.0,0,325.5,0,289.6,0,289.2,0,379.3,0,290.5,0,290.5,0,0.0,0,0.0,0,0.0,0,-53.8,0,-53.8,0,17.9,0,71.0,0,3.8,0,113.7,0,994.4,0
2005,191,7,10,9,30,9.500,100.91,-3.4,0,-0.1,0,-1.0,0,-1.0,0,325.3,0,289.5,0,289.2,0,378.9,0,290.5,0,290.4,0,0.0,0,0.0,0,0.0,0,-53.6,0,-53.6,0,17.8,0,71.6,0,3.6,0,111.0,0,994.4,0
2005,191,7,10,9,33,9.550,100.48,-3.4,0,0.0,0,-1.1,0,-1.0,0,325.2,0,289.5,0,289.1,0,378.3,0,290.4,0,290.3,0,0.0,0,0.0,0,0.0,0,-53.1,0,-53.1,0,17.6,0,72.4,0,3.5,0,107.7,0,994.5,0
2005,191,7,10,9,36,9.600,100.04,-3.4,0,-0.6,0,-1.1,0,-1.0,0,325.3,0,289.4,0,289.0,0,378.4,0,290.3,0,290.3,0,0.0,0,0.0,0,0.0,0,-53.1,0,-53.1,0,18.0,0,70.3,0,3.7,0,109.2,0,994.5,0
2005,191,7,10,9,39,9.650,99.60,-3.3,0,-0.8,0,-1.0,0,-1.0,0,325.4,0,289.3,0,289.0,0,381.8,0,290.4,0,290.3,0,0.0,0,0.0,0,0.0,0,-56.3,0,-56.3,0,18.1,0,69.9,0,3.4,0,108.0,0,994.5,0
2005,191,7,10,9,42,9.700,99.16,-3.3,0,-0.6,0,-0.9,0,-0.9,0,324.8,0,289.3,0,288.9,0,377.3,0,290.3,0,290.2,0,0.0,0,0.0,0,0.0,0,-52.5,0,-52.5,0,17.9,0,70.5,0,3.0,0,104.6,0,994.5,0
2005,191,7,10,9,45,9.750,98.72,-3.2,0,-0.5,0,-0.8,0,-0.9,0,324.6,0,289.2,0,288.9,0,383.0,0,290.5,0,290.2,0,0.0,0,0.0,0,0.0,0,-58.4,0,-58.4,0,17.8,0,71.1,0,3.0,0,106.8,0,994.5,0
2005,191,7,10,9,48,9.800,98.27,-3.2,0,-0.8,0,-0.8,0,-0.9,0,324.4,0,289.1,0,288.8,0,375.8,0,290.2,0,290.2,0,0.0,0,0.0,0,0.0,0,-51.4,0,-51.4,0,17.9,0,70.5,0,3.1,0,112.6,0,994.5,0
2005,191,7,10,9,51,9.850,97.82,-3.1,0,-0.6,0,-0.9,0,-0.9,0,324.1,0,289.1,0,288.8,0,374.8,0,290.2,0,290.1,0,0.0,0,0.0,0,0.0,0,-50.7,0,-50.7,0,17.7,0,71.4,0,3.0,0,112.0,0,994.5,0
2005,191,7,10,9,54,9.900,97.36,-3.1,0,-0.5,0,-0.6,0,-0.9,0,324.2,0,289.0,0,288.7,0,374.2,0,290.1,0,290.0,0,0.0,0,0.0,0,0.0,0,-50.1,0,-50.1,0,17.6,0,72.1,0,3.0,0,109.5,0,994.5,0
2005,191,7,10,9,57,9.950,96.91,-3.1,0,-0.4,0,-0.5,0,-0.9,0,323.9,0,289.0,0,288.7,0,374.0,0,290.1,0,290.0,0,0.0,0,0.0,0,0.0,0,-50.2,0,-50.2,0,17.4,0,72.7,0,2.8,0,107.1,0,994.4,0
2005,191,7,10,10,0,10.000,96.44,-3.1,0,-0.4,0,-0.4,0,-0.9,0,323.8,0,289.0,0,288.7,0,373.2,0,289.9,0,289.9,0,0.0,0,0.0,0,0.0,0,-49.5,0,-49.5,0,17.3,0,73.4,0,2.9,0,107.2,0,994.5,0
2005,191,7,10,10,3,10.050,95.98,-3.1,0,-0.8,0,-0.4,0,-0.9,0,324.2,0,288.9,0,288.6,0,373.5,0,289.9,0,289.8,0,0.0,0,0.0,0,0.0,0,-49.3,0,-49.3,0,17.5,0,72.0,0,3.0,0,108.8,0,994.5,0
2005,191,7,10,10,6,10.100,95.51,-3.1,0,-0.8,0,-0.6,0,-0.9,0,324.1,0,288.9,0,288.6,0,373.7,0,289.9,0,289.8,0,0.0,0,0.0,0,0.0,0,-49.5,0,-49.5,0,17.8,0,70.7,0,2.9,0,106.8,0,994.5,0
2005,191,7,10,10,9,10.150,95.04,-3.0,0,-0.8,0,-0.6,0,-0.9,0,324.3,0,288.8,0,288.5,0,373.6,0,289.9,0,289.9,0,0.0,0,0.1,0,0.0,0,-49.3,0,-49.3,0,17.9,0,70.3,0,3.0,0,109.3,0,994.5,0
2005,191,7,10,10,12,10.200,94.57,-2.9,0,-0.8,0,-0.6,0,-0.8,0,324.1,0,288.8,0,288.5,0,373.4,0,289.9,0,289.9,0,0.0,0,0.1,0,0.0,0,-49.3,0,-49.3,0,17.9,0,69.9,0,3.0,0,106.6,0,994.5,0
2005,191,7,10,10,15,10.250,94.09,-2.8,0,-0.8,0,-0.7,0,-0.5,0,323.9,0,288.7,0,288.4,0,373.2,0,289.9,0,289.9,0,0.0,0,0.2,0,0.0,0,-49.3,0,-49.3,0,17.9,0,70.0,0,3.2,0,106.8,0,994.5,0
2005,191,7,10,10,18,10.300,93.62,-2.5,0,-0.8,0,-0.6,0,-0.3,0,324.4,0,288.7,0,288.4,0,373.8,0,290.0,0,289.9,0,0.0,0,0.3,0,0.0,0,-49.4,0,-49.4,0,18.0,0,69.5,0,3.3,0,102.6,0,994.5,0
2005,191,7,10,10,21,10.350,93.13,-2.2,0,-0.8,0,-0.5,0,0.1,0,324.1,0,288.6,0,288.3,0,375.2,0,290.0,0,290.0,0,0.0,0,0.5,0,0.1,0,-51.1,0,-50.9,0,18.1,0,68.7,0,3.2,0,103.7,0,994.6,0
2005,191,7,10,10,24,10.400,92.65,-1.7,0,-0.9,0,-0.6,0,0.7,0,324.1,0,288.6,0,288.3,0,375.9,0,290.1,0,290.1,0,0.0,0,0.7,0,0.7,0,-51.9,0,-51.2,0,18.4,0,67.2,0,3.5,0,110.3,0,994.7,0
2005,191,7,10,10,27,10.450,92.16,-1.2,0,-0.8,0,-0.6,0,1.4,0,324.6,0,288.5,0,288.3,0,375.9,0,290.2,0,290.2,0,0.0,0,1.1,0,1.4,0,-51.3,0,-49.9,0,18.6,0,66.3,0,3.5,0,110.2,0,994.6,0
2005,191,7,10,10,30,10.500,91.67,-0.3,0,-0.4,0,-0.4,0,2.4,0,324.5,0,288.5,0,288.3,0,375.9,0,290.2,0,290.2,0,0.0,0,1.5,0,2.4,0,-51.4,0,-49.0,0,18.6,0,66.2,0,3.3,0,108.7,0,994.6,0
2005,191,7,10,10,33,10.550,91.18,0.7,0,0.0,0,-0.3,0,3.3,0,324.0,0,288.5,0,288.2,0,376.0,0,290.3,0,290.3,0,0.0,0,1.9,0,3.3,0,-52.0,0,-48.7,0,18.5,0,66.7,0,3.3,0,107.0,0,994.6,0
2005,191,7,10,10,36,10.600,89.95,2.0,0,0.0,0,-0.1,0,4.5,0,324.3,0,288.5,0,288.2,0,376.8,0,290.3,0,290.3,0,0.1,0,2.6,0,4.5,0,-52.5,0,-48.0,0,18.5,0,66.1,0,3.5,0,106.8,0,994.7,0
2005,191,7,10,10,39,10.650,89.59,3.5,0,0.3,0,0.4,0,6.1,0,324.4,0,288.5,0,288.3,0,376.7,0,290.4,0,290.4,0,0.2,0,3.5,0,5.8,0,-52.3,0,-46.5,0,18.8,0,64.6,0,3.7,0,112.7,0,994.7,0
2005,191,7,10,10,42,10.700,89.19,4.9,0,1.2,0,1.1,0,8.0,0,324.1,0,288.6,0,288.3,0,376.0,0,290.5,0,290.5,0,0.3,0,4.4,0,6.8,0,-51.9,0,-45.1,0,18.8,0,64.7,0,3.4,0,116.6,0,994.7,0
2005,191,7,10,10,45,10.750,88.77,7.1,0,2.5,0,2.7,0,9.8,0,322.1,0,288.6,0,288.3,0,383.3,0,290.9,0,290.5,0,0.4,0,5.5,0,7.3,0,-61.2,0,-53.9,0,18.4,0,66.8,0,3.1,0,124.7,0,994.7,0
2005,191,7,10,10,48,10.800,88.32,9.2,0,4.0,0,81.5,0,11.7,0,320.7,0,288.6,0,288.3,0,377.0,0,290.6,0,290.4,0,0.5,0,6.8,0,10.1,0,-56.3,0,-46.2,0,17.2,0,72.5,0,2.0,0,128.2,0,994.7,0
2005,191,7,10,10,51,10.850,87.87,11.2,0,4.7,0,152.7,0,13.9,0,321.5,0,288.6,0,288.4,0,381.0,0,290.6,0,290.3,0,0.6,0,8.3,0,14.9,0,-59.5,0,-44.6,0,16.8,0,74.3,0,1.8,0,129.1,0,994.7,0
2005,191,7,10,10,54,10.900,87.40,15.2,0,5.8,0,183.1,0,16.1,0,321.5,0,288.7,0,288.4,0,374.3,0,290.1,0,290.2,0,0.7,0,9.9,0,18.6,0,-52.7,0,-34.1,0,17.0,0,73.6,0,1.6,0,131.7,0,994.7,0
2005,191,7,10,10,57,10.950,86.92,22.2,0,7.3,0,211.5,0,18.2,0,321.3,0,288.8,0,288.5,0,374.8,0,290.0,0,290.1,0,0.9,0,11.7,0,22.3,0,-53.5,0,-31.2,0,17.1,0,73.0,0,1.7,0,131.7,0,994.8,0
2005,191,7,10,11,0,11.000,86.43,28.9,0,8.8,0,235.4,0,20.4,0,321.9,0,288.9,0,288.6,0,375.8,0,290.0,0,290.1,0,1.0,0,13.7,0,26.2,0,-53.9,0,-27.7,0,17.2,0,72.6,0,1.6,0,126.0,0,994.9,0
2005,191,7,10,11,3,11.050,85.93,35.1,0,10.7,0,269.0,0,22.6,0,322.6,0,289.0,0,288.7,0,379.8,0,290.1,0,290.0,0,1.1,0,16.1,0,31.0,0,-57.1,0,-26.2,0,17.3,0,72.2,0,1.6,0,126.7,0,994.9,0
2005,191,7,10,11,6,11.100,85.44,41.3,0,12.4,0,299.7,0,24.8,0,322.9,0,289.1,0,288.9,0,379.5,0,290.0,0,290.0,0,1.3,0,18.6,0,36.2,0,-56.6,0,-20.4,0,17.5,0,70.8,0,1.9,0,127.8,0,994.9,0
2005,191,7,10,11,9,11.150,84.93,47.7,0,14.3,0,327.0,0,26.8,0,323.1,0,289.2,0,289.0,0,379.4,0,290.0,0,290.1,0,1.6,0,21.4,0,41.3,0,-56.2,0,-14.9,0,17.7,0,69.9,0,2.1,0,126.8,0,994.9,0
2005,191,7,10,11,12,11.200,84.42,54.7,0,16.4,0,353.8,0,28.7,0,322.9,0,289.4,0,289.1,0,380.8,0,290.0,0,290.1,0,1.8,0,24.5,0,46.7,0,-57.9,0,-11.2,0,17.8,0,69.4,0,2.0,0,124.4,0,995.0,0
2005,191,7,10,11,15,11.250,83.91,61.9,0,18.5,0,378.7,0,30.7,0,323.0,0,289.6,0,289.3,0,382.4,0,290.1,0,290.1,0,2.1,0,27.7,0,52.4,0,-59.5,0,-7.1,0,17.8,0,69.3,0,2.1,0,118.1,0,995.0,0
2005,191,7,10,11,18,11.300,83.40,68.7,0,20.3,0,398.0,0,32.7,0,323.5,0,289.7,0,289.5,0,384.4,0,290.1,0,290.2,0,2.4,0,31.1,0,58.2,0,-60.9,0,-2.7,0,17.8,0,69.1,0,2.2,0,120.1,0,995.0,0
2005,191,7,10,11,21,11.350,82.88,75.9,0,22.2,0,417.1,0,34.8,0,324.0,0,290.0,0,289.8,0,386.1,0,290.2,0,290.3,0,2.7,0,34.6,0,64.3,0,-62.1,0,2.2,0,18.0,0,68.3,0,2.4,0,123.4,0,995.1,0
2005,191,7,10,11,24,11.400,82.36,83.7,0,24.8,0,438.8,0,36.7,0,323.0,0,290.2,0,290.0,0,386.9,0,290.3,0,290.3,0,3.0,0,38.3,0,70.3,0,-63.9,0,6.4,0,17.7,0,70.2,0,2.1,0,119.0,0,995.1,0
2005,191,7,10,11,27,11.450,81.84,91.5,0,26.9,0,456.5,0,38.5,0,323.2,0,290.5,0,290.3,0,388.2,0,290.3,0,290.4,0,3.3,0,41.7,0,76.4,0,-65.0,0,11.5,0,17.3,0,72.3,0,2.2,0,119.3,0,995.2,0
2005,191,7,10,11,30,11.500,81.31,99.6,0,28.8,0,475.6,0,40.3,0,324.0,0,290.7,0,290.5,0,390.0,0,290.3,0,290.4,0,3.7,0,45.1,0,83.4,0,-66.1,0,17.3,0,17.3,0,72.3,0,2.8,0,121.9,0,995.2,0
2005,191,7,10,11,33,11.550,80.78,107.7,0,30.7,0,492.5,0,42.0,0,324.6,0,291.0,0,290.8,0,391.8,0,290.4,0,290.5,0,4.1,0,48.5,0,90.3,0,-67.2,0,23.1,0,17.5,0,71.4,0,3.0,0,124.2,0,995.2,0
2005,191,7,10,11,36,11.600,80.25,115.3,0,32.3,0,504.7,0,43.8,0,325.2,0,291.3,0,291.1,0,393.7,0,290.5,0,290.6,0,4.5,0,51.7,0,97.0,0,-68.5,0,28.4,0,17.8,0,70.4,0,3.1,0,125.3,0,995.3,0
2005,191,7,10,11,39,11.650,79.72,123.2,0,34.3,0,517.6,0,45.5,0,325.5,0,291.6,0,291.4,0,395.4,0,290.6,0,290.7,0,4.9,0,55.1,0,103.6,0,-69.9,0,33.6,0,17.9,0,70.7,0,2.8,0,125.9,0,995.3,0
2005,191,7,10,11,42,11.700,79.18,131.2,0,36.2,0,528.7,0,47.1,0,326.1,0,291.9,0,291.7,0,397.0,0,290.7,0,290.8,0,5.4,0,58.5,0,110.1,0,-70.9,0,39.3,0,17.9,0,71.0,0,3.0,0,126.5,0,995.4,0
2005,191,7,10,11,45,11.750,78.65,139.3,0,38.1,0,540.0,0,48.7,0,326.4,0,292.2,0,292.0,0,398.5,0,290.8,0,290.9,0,5.9,0,62.1,0,116.9,0,-72.1,0,44.8,0,18.1,0,70.5,0,3.1,0,124.1,0,995.4,0
2005,191,7,10,11,48,11.800,78.11,148.2,0,40.2,0,554.0,0,50.2,0,326.7,0,292.6,0,292.3,0,400.0,0,290.9,0,291.1,0,6.5,0,65.9,0,124.1,0,-73.3,0,50.8,0,18.2,0,70.4,0,2.8,0,121.8,0,995.4,0
2005,191,7,10,11,51,11.850,77.57,157.4,0,42.5,0,568.3,0,51.7,0,327.1,0,292.9,0,292.6,0,401.5,0,291.1,0,291.2,0,7.0,0,70.0,0,131.6,0,-74.4,0,57.2,0,18.3,0,70.5,0,2.9,0,122.9,0,995.4,0
2005,191,7,10,11,54,11.900,77.03,165.9,0,44.4,0,578.2,0,53.2,0,327.4,0,293.2,0,292.9,0,402.9,0,291.2,0,291.4,0,7.6,0,73.8,0,138.6,0,-75.5,0,63.1,0,18.4,0,71.1,0,2.8,0,122.5,0,995.3,0
2005,191,7,10,11,57,11.950,76.49,175.0,0,46.6,0,590.0,0,54.6,0,327.4,0,293.5,0,293.2,0,404.4,0,291.4,0,291.6,0,8.2,0,77.7,0,145.9,0,-76.9,0,69.0,0,18.6,0,71.3,0,2.7,0,121.8,0,995.3,0
2005,191,7,10,12,0,12.000,75.94,184.2,0,48.5,0,601.1,0,56.1,0,327.9,0,293.9,0,293.6,0,406.2,0,291.6,0,291.8,0,8.9,0,81.7,0,153.6,0,-78.3,0,75.3,0,18.8,0,70.5,0,3.0,0,122.1,0,995.4,0
2005,191,7,10,12,3,12.050,75.40,193.5,0,50.6,0,612.2,0,57.5,0,328.2,0,294.2,0,293.9,0,407.7,0,291.8,0,292.0,0,9.5,0,85.6,0,161.3,0,-79.5,0,81.7,0,19.1,0,70.4,0,2.5,0,120.9,0,995.5,0
2005,191,7,10,12,6,12.100,74.85,202.9,0,52.7,0,621.5,0,58.9,0,328.6,0,294.5,0,294.2,0,409.4,0,292.0,0,292.2,0,10.2,0,89.6,0,168.7,0,-80.9,0,87.8,0,19.3,0,70.1,0,2.7,0,122.4,0,995.5,0
2005,191,7,10,12,9,12.150,74.30,212.5,0,54.8,0,630.7,0,60.4,0,328.8,0,294.8,0,294.5,0,410.5,0,292.2,0,292.4,0,11.0,0,93.7,0,176.2,0,-81.7,0,94.5,0,19.5,0,69.8,0,2.9,0,124.8,0,995.5,0
2005,191,7,10,12,12,12.200,73.75,222.7,0,56.9,0,640.9,0,61.9,0,329.2,0,295.2,0,294.8,0,412.1,0,292.4,0,292.6,0,11.7,0,98.2,0,184.4,0,-82.9,0,101.5,0,19.6,0,69.5,0,3.0,0,125.3,0,995.5,0
2005,191,7,10,12,15,12.250,73.20,233.2,0,59.0,0,652.0,0,63.2,0,329.8,0,295.5,0,295.1,0,413.9,0,292.6,0,292.8,0,12.5,0,102.4,0,192.6,0,-84.1,0,108.5,0,19.8,0,68.8,0,2.9,0,125.1,0,995.5,0
2005,191,7,10,12,18,12.300,72.65,231.5,0,57.6,0,619.9,0,64.4,0,330.3,0,295.8,0,295.4,0,415.0,0,292.8,0,293.0,0,13.3,0,102.5,0,191.7,0,-84.7,0,106.9,0,20.1,0,68.7,0,2.6,0,119.2,0,995.6,0
2005,191,7,10,12,21,12.350,72.09,252.4,0,62.8,0,663.3,0,66.2,0,330.7,0,296.1,0,295.7,0,416.4,0,293.1,0,293.3,0,14.2,0,110.6,0,207.4,0,-85.7,0,121.7,0,20.3,0,67.9,0,2.5,0,113.6,0,995.6,0
2005,191,7,10,12,24,12.400,71.54,261.8,0,64.6,0,668.5,0,67.5,0,331.3,0,296.4,0,296.1,0,417.9,0,293.3,0,293.5,0,15.1,0,114.5,0,214.7,0,-86.6,0,128.1,0,20.5,0,67.0,0,2.7,0,109.9,0,995.7,0
2005,191,7,10,12,27,12.450,70.98,273.1,0,66.8,0,679.7,0,68.8,0,331.9,0,296.7,0,296.3,0,423.0,0,293.6,0,293.7,0,16.1,0,119.2,0,223.4,0,-91.1,0,132.4,0,20.7,0,68.1,0,2.3,0,107.1,0,995.6,0
2005,191,7,10,12,30,12.500,70.42,282.7,0,68.6,0,685.1,0,70.0,0,332.7,0,297.0,0,296.6,0,425.8,0,293.9,0,293.9,0,12.3,0,123.2,0,231.0,0,-93.1,0,137.9,0,20.8,0,67.4,0,2.5,0,114.3,0,995.6,0
2005,191,7,10,12,33,12.550,69.86,292.5,0,70.4,0,690.7,0,71.1,0,333.4,0,297.3,0,296.9,0,424.2,0,294.0,0,294.2,0,10.7,0,127.1,0,238.5,0,-90.8,0,147.7,0,21.0,0,66.5,0,2.8,0,115.3,0,995.6,0
2005,191,7,10,12,36,12.600,69.31,304.9,0,73.0,0,704.8,0,71.6,0,333.7,0,297.6,0,297.2,0,423.8,0,294.2,0,294.4,0,19.1,0,131.8,0,247.6,0,-90.1,0,157.6,0,21.2,0,65.9,0,2.9,0,117.9,0,995.5,0
2005,191,7,10,12,39,12.650,68.75,281.1,0,65.8,0,620.4,0,70.7,0,333.7,0,297.9,0,297.5,0,423.8,0,294.4,0,294.6,0,19.9,0,123.9,0,229.7,0,-90.1,0,139.6,0,21.4,0,64.9,0,3.1,0,118.1,0,995.5,0
2005,191,7,10,12,42,12.700,68.18,291.4,0,67.7,0,627.8,0,71.7,0,334.1,0,298.1,0,297.7,0,425.9,0,294.7,0,294.8,0,21.1,0,128.3,0,237.3,0,-91.7,0,145.6,0,21.5,0,64.0,0,3.3,0,117.6,0,995.6,0
2005,191,7,10,12,45,12.750,67.62,322.4,0,75.0,0,688.0,0,73.6,0,334.4,0,298.3,0,297.9,0,427.0,0,294.8,0,295.0,0,22.5,0,140.1,0,260.6,0,-92.5,0,168.1,0,21.5,0,64.5,0,3.0,0,121.1,0,995.6,0
2005,191,7,10,12,48,12.800,67.06,343.4,0,79.5,0,721.4,0,75.2,0,334.9,0,298.6,0,298.1,0,427.9,0,294.9,0,295.2,0,23.9,0,148.1,0,276.9,0,-93.0,0,183.9,0,21.7,0,64.1,0,2.9,0,120.9,0,995.6,0
2005,191,7,10,12,51,12.850,66.49,354.4,0,81.2,0,730.3,0,76.2,0,335.5,0,298.8,0,298.4,0,431.0,0,295.2,0,295.4,0,25.3,0,152.9,0,286.2,0,-95.5,0,190.7,0,21.9,0,65.1,0,2.3,0,123.5,0,995.6,0
2005,191,7,10,12,54,12.900,65.93,364.9,0,82.9,0,737.6,0,76.8,0,336.5,0,299.1,0,298.6,0,431.9,0,295.4,0,295.6,0,26.7,0,157.5,0,294.8,0,-95.5,0,199.4,0,22.1,0,63.6,0,2.6,0,121.7,0,995.6,0
2005,191,7,10,12,57,12.950,65.36,375.2,0,84.4,0,743.1,0,77.7,0,336.5,0,299.3,0,298.9,0,435.8,0,295.7,0,295.8,0,28.0,0,161.7,0,303.0,0,-99.3,0,203.7,0,22.3,0,63.4,0,2.5,0,124.1,0,995.6,0
2005,191,7,10,13,0,13.000,64.80,386.1,0,86.2,0,750.3,0,78.3,0,336.9,0,299.6,0,299.1,0,435.4,0,295.8,0,296.0,0,29.5,0,166.4,0,311.5,0,-98.4,0,213.1,0,22.5,0,63.3,0,2.3,0,120.8,0,995.6,0
2005,191,7,10,13,3,13.050,64.23,396.1,0,87.6,0,755.0,0,79.0,0,337.5,0,299.8,0,299.4,0,438.1,0,296.0,0,296.3,0,31.0,0,170.3,0,319.6,0,-100.5,0,219.0,0,22.8,0,63.8,0,1.8,0,120.7,0,995.7,0
2005,191,7,10,13,6,13.100,63.66,406.3,0,89.2,0,760.6,0,79.4,0,337.9,0,300.1,0,299.6,0,439.5,0,296.3,0,296.5,0,32.5,0,174.0,0,327.7,0,-101.6,0,226.1,0,23.0,0,62.6,0,1.8,0,112.4,0,995.7,0
2005,191,7,10,13,9,13.150,63.10,414.4,0,90.3,0,761.6,0,80.0,0,338.3,0,300.3,0,299.9,0,441.0,0,296.5,0,296.8,0,33.9,0,177.5,0,334.3,0,-102.6,0,231.7,0,23.3,0,63.3,0,1.6,0,103.7,0,995.6,0
2005,191,7,10,13,12,13.200,62.53,424.9,0,92.0,0,766.6,0,80.5,0,338.2,0,300.5,0,300.1,0,441.1,0,296.7,0,297.0,0,35.5,0,181.8,0,342.1,0,-102.9,0,239.2,0,23.4,0,61.9,0,1.9,0,105.1,0,995.6,0
2005,191,7,10,13,15,13.250,61.96,435.7,0,93.7,0,772.2,0,81.1,0,338.5,0,300.8,0,300.3,0,442.3,0,296.9,0,297.2,0,37.2,0,186.3,0,350.4,0,-103.8,0,246.6,0,23.5,0,61.8,0,2.0,0,102.8,0,995.6,0
2005,191,7,10,13,18,13.300,61.39,445.4,0,95.2,0,775.8,0,82.2,0,339.1,0,301.0,0,300.5,0,443.7,0,297.1,0,297.4,0,38.7,0,190.3,0,358.5,0,-104.6,0,253.9,0,23.6,0,61.3,0,2.3,0,112.0,0,995.6,0
2005,191,7,10,13,21,13.350,60.82,452.0,0,96.0,0,769.3,0,82.7,0,339.4,0,301.2,0,300.7,0,443.2,0,297.3,0,297.6,0,40.2,0,193.2,0,361.8,0,-103.7,0,258.1,0,23.5,0,60.1,0,2.7,0,111.5,0,995.6,0
2005,191,7,10,13,24,13.400,60.25,466.5,0,98.7,0,787.8,0,83.4,0,339.2,0,301.4,0,300.9,0,444.3,0,297.5,0,297.7,0,42.1,0,199.0,0,375.7,0,-105.1,0,270.6,0,23.5,0,58.6,0,2.9,0,121.3,0,995.6,0
2005,191,7,10,13,27,13.450,59.68,470.3,0,98.4,0,780.6,0,83.5,0,339.5,0,301.6,0,301.1,0,445.6,0,297.6,0,297.9,0,43.8,0,199.2,0,379.2,0,-106.0,0,273.1,0,23.7,0,57.4,0,2.7,0,117.1,0,995.6,0
2005,191,7,10,13,30,13.500,59.10,480.0,0,99.9,0,784.9,0,83.5,0,339.4,0,301.8,0,301.2,0,446.2,0,297.8,0,298.0,0,45.6,0,204.0,0,386.7,0,-106.8,0,279.9,0,23.8,0,57.6,0,2.7,0,125.6,0,995.6,0
2005,191,7,10,13,33,13.550,58.53,484.8,0,99.9,0,781.3,0,83.8,0,340.7,0,301.9,0,301.4,0,448.9,0,298.0,0,298.2,0,47.4,0,207.2,0,391.8,0,-108.2,0,283.6,0,24.0,0,61.5,0,1.9,0,108.6,0,995.6,0
2005,191,7,10,13,36,13.600,57.96,499.1,0,101.9,0,793.6,0,84.1,0,340.9,0,302.1,0,301.6,0,450.6,0,298.2,0,298.4,0,49.4,0,212.7,0,403.2,0,-109.7,0,293.6,0,24.3,0,58.9,0,2.2,0,122.6,0,995.6,0
2005,191,7,10,13,39,13.650,57.39,502.4,0,102.0,0,787.3,0,84.0,0,340.4,0,302.3,0,301.7,0,450.2,0,298.4,0,298.6,0,51.2,0,214.4,0,406.3,0,-109.8,0,296.5,0,24.4,0,55.8,0,3.2,0,124.8,0,995.7,0
2005,191,7,10,13,42,13.700,56.81,520.5,0,105.9,0,805.7,0,84.0,0,340.1,0,302.4,0,301.9,0,449.3,0,298.5,0,298.7,0,53.5,0,221.5,0,419.1,0,-109.2,0,309.9,0,24.2,0,54.6,0,3.3,0,125.1,0,995.7,0
2005,191,7,10,13,45,13.750,56.24,532.7,0,107.8,0,813.9,0,84.1,0,340.7,0,302.6,0,302.0,0,450.1,0,298.6,0,298.8,0,55.7,0,226.5,0,428.7,0,-109.4,0,319.3,0,24.2,0,55.2,0,3.1,0,120.1,0,995.6,0
2005,191,7,10,13,48,13.800,55.67,543.4,0,109.0,0,818.8,0,84.8,0,340.9,0,302.7,0,302.1,0,451.2,0,298.7,0,298.9,0,57.9,0,231.0,0,437.6,0,-110.3,0,327.3,0,24.2,0,55.5,0,3.4,0,134.9,0,995.7,0
2005,191,7,10,13,51,13.850,55.09,553.9,0,110.7,0,825.1,0,84.8,0,341.1,0,302.8,0,302.2,0,451.6,0,298.7,0,298.9,0,60.1,0,235.4,0,446.2,0,-110.5,0,335.7,0,24.1,0,56.8,0,3.2,0,136.5,0,995.7,0
2005,191,7,10,13,54,13.900,54.52,564.8,0,111.9,0,832.1,0,84.9,0,342.2,0,302.9,0,302.4,0,453.6,0,298.8,0,299.1,0,62.4,0,240.0,0,456.0,0,-111.4,0,344.6,0,24.3,0,57.2,0,2.9,0,127.7,0,995.7,0
2005,191,7,10,13,57,13.950,53.95,573.8,0,112.5,0,834.5,0,85.2,0,342.3,0,303.1,0,302.5,0,455.7,0,298.9,0,299.2,0,64.6,0,243.8,0,463.8,0,-113.4,0,350.4,0,24.5,0,57.9,0,2.7,0,122.8,0,995.7,0
2005,191,7,10,14,0,14.000,53.37,583.6,0,113.2,0,838.4,0,86.0,0,343.6,0,303.2,0,302.7,0,458.7,0,299.1,0,299.4,0,67.0,0,248.0,0,473.0,0,-115.1,0,357.9,0,25.1,0,57.8,0,2.4,0,128.1,0,995.7,0
2005,191,7,10,14,3,14.050,52.80,592.6,0,114.6,0,841.2,0,85.9,0,343.3,0,303.4,0,302.8,0,457.8,0,299.3,0,299.5,0,69.3,0,251.7,0,479.9,0,-114.5,0,365.4,0,24.9,0,56.8,0,2.8,0,128.3,0,995.7,0
2005,191,7,10,14,6,14.100,52.23,603.0,0,116.0,0,845.8,0,86.1,0,343.3,0,303.5,0,302.9,0,458.9,0,299.4,0,299.6,0,71.8,0,256.0,0,488.1,0,-115.6,0,372.6,0,24.9,0,57.2,0,2.6,0,133.2,0,995.7,0
2005,191,7,10,14,9,14.150,51.65,609.0,0,116.9,0,849.4,0,86.4,0,344.4,0,303.6,0,303.1,0,460.4,0,299.6,0,299.8,0,72.9,0,260.0,0,496.5,0,-116.0,0,380.5,0,25.1,0,56.4,0,2.7,0,121.1,0,995.8,0
2005,191,7,10,14,12,14.200,51.08,622.0,0,118.0,0,850.5,0,87.0,0,345.2,0,303.8,0,303.2,0,460.8,0,299.7,0,299.9,0,77.1,0,263.6,0,503.3,0,-115.6,0,387.7,0,25.2,0,56.1,0,2.8,0,128.4,0,995.8,0
2005,191,7,10,14,15,14.250,50.51,630.3,0,118.3,0,851.8,0,88.2,0,347.3,0,303.9,0,303.4,0,464.3,0,299.9,0,300.1,0,79.6,0,267.3,0,511.6,0,-116.9,0,394.7,0,25.5,0,58.7,0,2.3,0,140.4,0,995.8,0
2005,191,7,10,14,18,14.300,49.94,639.8,0,119.4,0,854.3,0,88.5,0,346.8,0,304.0,0,303.4,0,463.5,0,300.0,0,300.3,0,82.2,0,271.2,0,519.0,0,-116.7,0,402.3,0,25.6,0,55.3,0,3.4,0,149.1,0,995.8,0
2005,191,7,10,14,21,14.350,49.36,648.8,0,120.7,0,856.8,0,88.6,0,347.4,0,304.2,0,303.6,0,463.7,0,300.2,0,300.4,0,84.8,0,275.1,0,525.9,0,-116.3,0,409.6,0,25.5,0,56.6,0,3.5,0,148.1,0,995.8,0
2005,191,7,10,14,24,14.400,48.79,658.5,0,122.4,0,859.7,0,88.6,0,347.0,0,304.3,0,303.7,0,462.8,0,300.3,0,300.5,0,87.4,0,278.8,0,532.5,0,-115.8,0,416.7,0,25.5,0,52.4,0,4.3,0,137.2,0,995.8,0
2005,191,7,10,14,27,14.450,48.22,667.9,0,123.9,0,862.3,0,89.1,0,347.2,0,304.4,0,303.8,0,462.5,0,300.3,0,300.5,0,90.0,0,282.5,0,539.7,0,-115.3,0,424.4,0,25.4,0,51.6,0,4.6,0,138.9,0,995.8,0
2005,191,7,10,14,30,14.500,47.65,676.7,0,124.7,0,864.4,0,89.6,0,348.9,0,304.5,0,303.9,0,464.1,0,300.3,0,300.6,0,92.6,0,286.1,0,547.2,0,-115.2,0,432.0,0,25.5,0,53.0,0,4.0,0,128.6,0,995.7,0
2005,191,7,10,14,33,14.550,47.08,686.3,0,125.2,0,867.5,0,90.2,0,349.6,0,304.6,0,304.1,0,465.9,0,300.4,0,300.7,0,95.2,0,289.8,0,555.7,0,-116.3,0,439.4,0,25.8,0,53.1,0,3.9,0,131.7,0,995.7,0
2005,191,7,10,14,36,14.600,46.51,694.8,0,125.8,0,868.5,0,90.8,0,349.3,0,304.7,0,304.1,0,467.0,0,300.5,0,300.8,0,97.8,0,293.2,0,562.7,0,-117.7,0,445.1,0,25.9,0,54.3,0,3.6,0,150.5,0,995.7,0
2005,191,7,10,14,39,14.650,45.94,704.1,0,126.9,0,872.2,0,91.2,0,349.5,0,304.8,0,304.2,0,467.5,0,300.6,0,300.9,0,100.4,0,297.0,0,570.9,0,-118.0,0,452.9,0,26.0,0,52.6,0,3.9,0,146.4,0,995.7,0
2005,191,7,10,14,42,14.700,45.37,713.1,0,127.7,0,874.4,0,91.3,0,350.2,0,304.9,0,304.4,0,469.0,0,300.7,0,301.0,0,102.9,0,300.5,0,577.9,0,-118.7,0,459.1,0,26.2,0,51.2,0,3.9,0,131.4,0,995.6,0
2005,191,7,10,14,45,14.750,44.80,721.0,0,129.1,0,874.5,0,92.0,0,350.4,0,305.0,0,304.5,0,467.8,0,300.8,0,301.0,0,104.8,0,303.4,0,583.4,0,-117.4,0,466.0,0,26.1,0,49.4,0,4.3,0,131.4,0,995.7,0
2005,191,7,10,14,48,14.800,44.24,718.5,0,127.7,0,860.3,0,92.4,0,352.0,0,305.1,0,304.6,0,468.7,0,300.9,0,301.1,0,106.6,0,302.7,0,581.1,0,-116.8,0,464.3,0,26.2,0,51.0,0,4.1,0,126.3,0,995.7,0
2005,191,7,10,14,51,14.850,43.67,731.7,0,128.5,0,868.7,0,93.8,0,353.3,0,305.2,0,304.7,0,472.8,0,301.0,0,301.3,0,109.8,0,308.1,0,593.7,0,-119.5,0,474.2,0,26.5,0,52.6,0,3.0,0,132.2,0,995.7,0
2005,191,7,10,14,54,14.900,43.11,744.9,0,129.8,0,877.0,0,94.6,0,352.9,0,305.4,0,304.8,0,473.3,0,301.2,0,301.4,0,112.7,0,313.1,0,605.1,0,-120.3,0,484.8,0,26.8,0,50.9,0,3.2,0,150.6,0,995.7,0
2005,191,7,10,14,57,14.950,42.54,753.5,0,130.6,0,879.0,0,95.3,0,354.5,0,305.5,0,304.9,0,475.4,0,301.3,0,301.6,0,115.8,0,316.7,0,612.3,0,-120.9,0,491.4,0,26.9,0,50.6,0,3.1,0,130.3,0,995.7,0
2005,191,7,10,15,0,15.000,41.98,764.1,0,132.0,0,883.7,0,96.2,0,354.9,0,305.6,0,305.1,0,474.8,0,301.5,0,301.8,0,119.4,0,320.9,0,621.1,0,-119.9,0,501.2,0,27.0,0,47.7,0,3.8,0,127.1,0,995.8,0
2005,191,7,10,15,3,15.050,41.42,768.6,0,132.5,0,878.9,0,97.7,0,353.9,0,305.7,0,305.1,0,475.0,0,301.6,0,301.9,0,121.8,0,322.4,0,624.3,0,-121.1,0,503.1,0,26.9,0,47.7,0,3.7,0,141.9,0,995.8,0
2005,191,7,10,15,6,15.100,40.86,762.9,0,130.1,0,860.7,0,98.9,0,353.6,0,305.8,0,305.2,0,475.6,0,301.7,0,302.0,0,123.9,0,320.7,0,619.8,0,-121.9,0,497.9,0,27.1,0,46.7,0,3.3,0,142.6,0,995.7,0
2005,191,7,10,15,9,15.150,40.30,783.9,0,133.4,0,879.7,0,99.1,0,353.6,0,305.9,0,305.3,0,475.9,0,301.9,0,302.1,0,127.7,0,328.8,0,636.7,0,-122.3,0,514.3,0,27.1,0,46.0,0,3.6,0,137.4,0,995.7,0
2005,191,7,10,15,12,15.200,39.74,798.1,0,135.8,0,890.4,0,98.6,0,354.1,0,305.9,0,305.4,0,475.2,0,301.9,0,302.1,0,131.6,0,334.5,0,647.6,0,-121.1,0,526.5,0,27.0,0,44.0,0,4.5,0,135.0,0,995.7,0
2005,191,7,10,15,15,15.250,39.18,805.4,0,136.6,0,893.0,0,97.5,0,353.8,0,306.0,0,305.4,0,474.9,0,302.0,0,302.2,0,134.7,0,337.4,0,653.0,0,-121.0,0,532.0,0,26.8,0,43.2,0,4.1,0,125.8,0,995.7,0
2005,191,7,10,15,18,15.300,38.63,814.3,0,136.5,0,899.0,0,97.1,0,354.9,0,306.1,0,305.6,0,478.8,0,302.0,0,302.3,0,138.1,0,340.9,0,663.0,0,-123.8,0,539.1,0,27.3,0,44.5,0,3.6,0,138.8,0,995.7,0
2005,191,7,10,15,21,15.350,38.08,822.4,0,138.1,0,902.0,0,95.7,0,354.2,0,306.2,0,305.6,0,476.8,0,302.1,0,302.3,0,141.5,0,344.3,0,667.6,0,-122.5,0,545.1,0,27.2,0,41.5,0,4.7,0,138.9,0,995.7,0
2005,191,7,10,15,24,15.400,37.53,827.5,0,137.6,0,902.4,0,95.1,0,354.1,0,306.3,0,305.7,0,479.5,0,302.2,0,302.4,0,144.1,0,346.3,0,673.1,0,-125.4,0,547.7,0,27.5,0,42.8,0,3.6,0,132.6,0,995.7,0
2005,191,7,10,15,27,15.450,36.98,840.6,0,140.1,0,911.2,0,94.4,0,352.4,0,306.4,0,305.8,0,477.2,0,302.3,0,302.5,0,147.6,0,350.7,0,682.2,0,-124.8,0,557.4,0,27.3,0,35.9,0,5.3,0,130.6,0,995.7,0
2005,191,7,10,15,30,15.500,36.43,846.3,0,140.5,0,910.8,0,94.0,0,352.4,0,306.4,0,305.8,0,477.3,0,302.3,0,302.5,0,150.2,0,353.1,0,686.3,0,-124.9,0,561.4,0,27.2,0,36.3,0,4.7,0,118.9,0,995.7,0
2005,191,7,10,15,33,15.550,35.89,851.2,0,140.4,0,910.2,0,94.5,0,353.0,0,306.5,0,305.9,0,478.1,0,302.3,0,302.5,0,152.6,0,355.4,0,691.5,0,-125.1,0,566.3,0,27.3,0,36.0,0,4.2,0,133.6,0,995.8,0
2005,191,7,10,15,36,15.600,35.34,862.6,0,141.6,0,917.6,0,94.1,0,352.2,0,306.6,0,306.0,0,479.5,0,302.4,0,302.6,0,155.9,0,359.2,0,701.0,0,-127.3,0,573.7,0,27.4,0,36.3,0,4.6,0,140.2,0,995.7,0
2005,191,7,10,15,39,15.650,34.80,867.4,0,141.8,0,916.8,0,94.1,0,352.2,0,306.6,0,306.0,0,479.5,0,302.4,0,302.6,0,158.3,0,361.7,0,705.1,0,-127.2,0,577.9,0,27.3,0,36.3,0,4.3,0,139.6,0,995.7,0
2005,191,7,10,15,42,15.700,34.27,877.5,0,143.1,0,923.2,0,93.5,0,352.5,0,306.7,0,306.1,0,480.6,0,302.4,0,302.6,0,161.1,0,364.7,0,713.3,0,-128.1,0,585.2,0,27.5,0,35.2,0,4.7,0,119.1,0,995.7,0
2005,191,7,10,15,45,15.750,33.73,885.0,0,143.2,0,925.3,0,93.5,0,352.1,0,306.7,0,306.2,0,482.2,0,302.5,0,302.8,0,163.7,0,367.5,0,719.8,0,-130.1,0,589.7,0,27.7,0,34.3,0,3.9,0,119.5,0,995.7,0
2005,191,7,10,15,48,15.800,33.20,892.3,0,144.3,0,927.3,0,94.4,0,352.5,0,306.8,0,306.3,0,482.1,0,302.6,0,302.8,0,165.9,0,370.4,0,726.0,0,-129.6,0,596.4,0,27.7,0,35.1,0,5.0,0,129.5,0,995.7,0
2005,191,7,10,15,51,15.850,32.67,880.5,0,141.9,0,904.8,0,95.4,0,350.9,0,306.9,0,306.2,0,481.2,0,302.6,0,302.8,0,166.4,0,365.7,0,715.1,0,-130.4,0,584.7,0,27.5,0,33.3,0,4.2,0,139.4,0,995.6,0
2005,191,7,10,15,54,15.900,32.15,910.0,0,145.9,0,933.8,0,95.8,0,351.0,0,306.9,0,306.4,0,483.8,0,302.6,0,302.9,0,171.3,0,376.3,0,740.4,0,-132.8,0,607.6,0,27.7,0,33.6,0,4.3,0,119.1,0,995.6,0
2005,191,7,10,15,57,15.950,31.63,910.9,0,145.1,0,929.4,0,94.8,0,350.3,0,307.0,0,306.4,0,484.5,0,302.7,0,303.0,0,173.0,0,377.5,0,741.0,0,-134.3,0,606.8,0,27.8,0,33.2,0,4.1,0,130.8,0,995.5,0
2005,191,7,10,16,0,16.000,31.11,915.7,0,145.8,0,929.7,0,94.2,0,350.9,0,307.0,0,306.4,0,483.5,0,302.8,0,303.0,0,175.5,0,379.8,0,744.5,0,-132.6,0,611.9,0,27.6,0,32.1,0,4.4,0,140.1,0,995.5,0
2005,191,7,10,16,3,16.050,30.60,922.6,0,145.8,0,933.2,0,94.7,0,351.3,0,307.0,0,306.4,0,484.9,0,302.8,0,303.0,0,178.5,0,382.5,0,752.2,0,-133.6,0,618.6,0,27.5,0,33.6,0,3.3,0,158.5,0,995.4,0
2005,191,7,10,16,6,16.100,30.09,928.0,0,145.7,0,934.2,0,94.4,0,352.3,0,307.1,0,306.5,0,486.1,0,302.9,0,303.1,0,181.1,0,384.7,0,756.9,0,-133.7,0,623.2,0,27.8,0,33.6,0,4.0,0,134.5,0,995.4,0
2005,191,7,10,16,9,16.150,29.58,934.5,0,146.8,0,935.2,0,94.1,0,352.3,0,307.1,0,306.5,0,486.3,0,303.0,0,303.2,0,184.2,0,387.2,0,760.6,0,-134.0,0,626.5,0,27.8,0,33.5,0,4.0,0,112.8,0,995.5,0
2005,191,7,10,16,12,16.200,29.08,941.8,0,148.0,0,936.5,0,94.9,0,352.0,0,307.2,0,306.5,0,485.8,0,303.0,0,303.2,0,187.3,0,389.8,0,765.3,0,-133.7,0,631.6,0,27.7,0,32.9,0,4.4,0,124.9,0,995.4,0
2005,191,7,10,16,15,16.250,28.59,947.0,0,147.8,0,936.9,0,95.6,0,354.2,0,307.2,0,306.6,0,486.7,0,303.0,0,303.2,0,190.5,0,392.4,0,770.4,0,-132.5,0,637.9,0,27.6,0,34.2,0,3.3,0,108.0,0,995.4,0
2005,191,7,10,16,18,16.300,28.10,952.3,0,147.7,0,938.4,0,96.2,0,354.0,0,307.2,0,306.7,0,488.6,0,303.1,0,303.3,0,192.9,0,394.2,0,776.3,0,-134.6,0,641.7,0,28.1,0,35.0,0,4.0,0,108.8,0,995.4,0
2005,191,7,10,16,21,16.350,27.61,957.6,0,148.3,0,937.5,0,96.9,0,353.5,0,307.3,0,306.7,0,488.5,0,303.2,0,303.4,0,195.4,0,396.4,0,779.3,0,-135.0,0,644.2,0,27.9,0,34.1,0,3.8,0,101.7,0,995.4,0
2005,191,7,10,16,24,16.400,27.13,960.2,0,148.1,0,934.1,0,98.0,0,354.8,0,307.3,0,306.8,0,488.1,0,303.2,0,303.4,0,197.5,0,397.9,0,781.3,0,-133.3,0,648.0,0,27.9,0,34.6,0,3.7,0,95.4,0,995.4,0
2005,191,7,10,16,27,16.450,26.66,968.1,0,148.6,0,938.4,0,99.2,0,355.9,0,307.4,0,306.9,0,489.1,0,303.2,0,303.5,0,200.9,0,400.9,0,789.3,0,-133.2,0,656.1,0,27.9,0,35.3,0,3.4,0,89.4,0,995.4,0
2005,191,7,10,16,30,16.500,26.20,974.2,0,149.7,0,939.0,0,99.6,0,355.8,0,307.5,0,306.9,0,489.0,0,303.3,0,303.5,0,203.2,0,403.1,0,792.5,0,-133.3,0,659.2,0,28.0,0,35.2,0,4.3,0,97.4,0,995.4,0
2005,191,7,10,16,33,16.550,25.74,979.0,0,151.2,0,938.4,0,100.7,0,355.8,0,307.5,0,307.0,0,488.0,0,303.3,0,303.4,0,205.3,0,405.0,0,794.8,0,-132.2,0,662.7,0,28.0,0,35.5,0,4.9,0,107.3,0,995.3,0
2005,191,7,10,16,36,16.600,25.29,986.1,0,150.9,0,941.3,0,101.5,0,355.8,0,307.6,0,307.1,0,490.2,0,303.2,0,303.5,0,208.1,0,407.6,0,801.6,0,-134.4,0,667.2,0,28.0,0,35.6,0,3.5,0,99.4,0,995.3,0
2005,191,7,10,16,39,16.650,24.84,992.0,0,150.7,0,943.9,0,102.6,0,355.4,0,307.7,0,307.2,0,490.1,0,303.3,0,303.5,0,210.9,0,409.8,0,808.4,0,-134.7,0,673.7,0,27.9,0,34.2,0,3.1,0,85.1,0,995.2,0
2005,191,7,10,16,42,16.700,24.41,996.1,0,150.6,0,943.8,0,104.1,0,356.1,0,307.7,0,307.2,0,490.6,0,303.4,0,303.6,0,212.8,0,411.4,0,812.9,0,-134.5,0,678.4,0,27.9,0,33.4,0,3.0,0,113.7,0,995.2,0
2005,191,7,10,16,45,16.750,23.98,1003.0,0,152.7,0,943.7,0,104.5,0,355.8,0,307.8,0,307.2,0,489.6,0,303.4,0,303.6,0,215.5,0,414.1,0,814.0,0,-133.8,0,680.2,0,27.9,0,33.5,0,4.4,0,116.0,0,995.3,0
2005,191,7,10,16,48,16.800,23.56,1005.1,0,152.8,0,940.7,0,106.0,0,356.0,0,307.8,0,307.2,0,490.7,0,303.4,0,303.6,0,216.8,0,415.4,0,815.5,0,-134.7,0,680.8,0,27.7,0,33.4,0,3.1,0,127.7,0,995.2,0
2005,191,7,10,16,51,16.850,23.16,1007.2,0,151.4,0,939.5,0,108.6,0,358.4,0,307.8,0,307.4,0,491.8,0,303.5,0,303.7,0,218.5,0,416.8,0,821.0,0,-133.4,0,687.6,0,27.9,0,33.8,0,2.6,0,136.9,0,995.2,0
2005,191,7,10,16,54,16.900,22.76,1013.0,0,153.1,0,940.4,0,110.7,0,358.4,0,307.9,0,307.3,0,492.1,0,303.6,0,303.8,0,220.4,0,418.7,0,824.7,0,-133.6,0,691.1,0,28.2,0,33.8,0,4.6,0,138.1,0,995.2,0
2005,191,7,10,16,57,16.950,22.37,1016.9,0,153.6,0,938.2,0,112.8,0,358.7,0,307.9,0,307.4,0,492.2,0,303.6,0,303.8,0,221.9,0,420.8,0,826.8,0,-133.5,0,693.3,0,28.0,0,34.0,0,3.2,0,122.9,0,995.2,0
2005,191,7,10,17,0,17.000,22.00,1023.0,0,154.0,0,939.5,0,116.4,0,359.4,0,308.0,0,307.4,0,492.4,0,303.6,0,303.9,0,223.9,0,422.9,0,833.4,0,-133.0,0,700.4,0,28.0,0,33.8,0,3.6,0,108.6,0,995.2,0
2005,191,7,10,17,3,17.050,21.63,1028.6,0,155.5,0,935.9,0,120.4,0,359.5,0,308.0,0,307.4,0,492.7,0,303.7,0,303.9,0,225.5,0,425.0,0,834.9,0,-133.2,0,701.7,0,28.1,0,34.0,0,4.4,0,134.7,0,995.2,0
2005,191,7,10,17,6,17.100,21.28,1039.9,0,157.2,0,939.3,0,125.2,0,359.1,0,308.0,0,307.5,0,493.0,0,303.7,0,303.9,0,228.5,0,429.3,0,843.2,0,-133.9,0,709.3,0,28.1,0,33.7,0,4.2,0,130.9,0,995.2,0
2005,191,7,10,17,9,17.150,20.95,1049.9,0,158.5,0,940.2,0,132.1,0,358.9,0,308.0,0,307.5,0,493.6,0,303.7,0,303.9,0,230.5,0,433.2,0,851.8,0,-134.7,0,717.1,0,28.1,0,33.4,0,3.0,0,133.9,0,995.2,0
2005,191,7,10,17,12,17.200,20.62,1011.7,0,152.1,0,885.7,0,143.0,0,359.6,0,308.1,0,307.6,0,493.9,0,303.8,0,304.0,0,224.9,0,416.6,0,819.8,0,-134.3,0,685.5,0,28.0,0,33.4,0,3.0,0,136.1,0,995.2,0
2005,191,7,10,17,15,17.250,20.31,890.5,0,133.8,0,752.1,0,152.5,0,360.5,0,308.0,0,307.5,0,489.8,0,303.8,0,304.0,0,206.8,0,370.2,0,723.9,0,-129.3,0,594.7,0,28.3,0,34.2,0,3.3,0,133.0,0,995.0,0
2005,191,7,10,17,18,17.300,20.02,996.4,0,151.5,0,845.6,0,163.8,0,360.7,0,308.0,0,307.5,0,491.1,0,303.8,0,304.0,0,222.7,0,410.9,0,806.8,0,-130.3,0,676.4,0,28.1,0,33.6,0,3.9,0,132.2,0,995.0,0
2005,191,7,10,17,21,17.350,19.74,934.0,0,140.6,0,767.7,0,178.0,0,362.1,0,308.0,0,307.6,0,490.9,0,303.8,0,304.0,0,214.2,0,387.1,0,760.0,0,-128.8,0,631.2,0,28.2,0,34.6,0,1.4,0,153.4,0,994.9,0
2005,191,7,10,17,24,17.400,19.48,1072.5,0,160.0,0,892.4,0,194.6,0,363.6,0,308.1,0,307.7,0,495.7,0,304.0,0,304.2,0,234.7,0,442.3,0,875.9,0,-132.0,0,743.9,0,28.6,0,34.0,0,1.9,0,149.8,0,994.8,0
2005,191,7,10,17,27,17.450,19.24,1010.1,0,152.1,0,806.3,0,211.6,0,364.6,0,308.2,0,307.8,0,495.6,0,304.1,0,304.4,0,224.6,0,414.7,0,820.8,0,-131.0,0,689.8,0,28.4,0,34.4,0,3.7,0,125.2,0,994.8,0
2005,191,7,10,17,30,17.500,19.02,950.7,0,145.0,0,730.0,0,229.4,0,365.3,0,308.2,0,307.9,0,490.9,0,304.1,0,304.3,0,213.5,0,391.2,0,774.5,0,-125.6,0,648.9,0,28.4,0,36.0,0,4.5,0,103.0,0,994.7,0
2005,191,7,10,17,33,17.550,18.81,965.1,0,147.4,0,737.0,0,237.2,0,364.4,0,308.3,0,307.9,0,491.4,0,304.1,0,304.3,0,217.3,0,397.7,0,787.5,0,-127.0,0,660.5,0,28.4,0,34.9,0,3.5,0,92.9,0,994.7,0
2005,191,7,10,17,36,17.600,18.62,1075.6,0,162.9,0,845.6,0,238.7,0,365.2,0,308.3,0,308.0,0,496.7,0,304.1,0,304.3,0,235.3,0,441.1,0,877.1,0,-131.5,0,745.6,0,28.6,0,33.8,0,2.7,0,101.4,0,994.7,0
2005,191,7,10,17,39,17.650,18.46,1032.1,0,155.0,0,797.9,0,240.1,0,366.6,0,308.4,0,308.2,0,495.6,0,304.2,0,304.4,0,230.4,0,424.6,0,841.9,0,-129.0,0,712.9,0,28.7,0,34.2,0,2.4,0,108.4,0,994.6,0
2005,191,7,10,17,42,17.700,18.31,849.4,0,129.4,0,609.1,0,243.8,0,365.3,0,308.5,0,308.1,0,491.1,0,304.3,0,304.4,0,201.7,0,350.0,0,692.6,0,-125.8,0,566.9,0,28.7,0,35.0,0,4.1,0,88.7,0,994.6,0
2005,191,7,10,17,45,17.750,18.19,762.7,0,116.8,0,515.3,0,247.7,0,365.0,0,308.5,0,308.0,0,485.8,0,304.2,0,304.3,0,184.6,0,314.9,0,620.4,0,-120.8,0,499.6,0,28.5,0,33.9,0,3.3,0,90.8,0,994.5,0
2005,191,7,10,17,48,17.800,18.08,824.8,0,124.9,0,577.0,0,249.6,0,365.8,0,308.4,0,308.0,0,485.4,0,304.1,0,304.2,0,195.5,0,341.8,0,673.3,0,-119.7,0,553.6,0,28.4,0,35.5,0,3.1,0,71.9,0,994.5,0
2005,191,7,10,17,51,17.850,18.00,997.9,0,151.7,0,758.8,0,243.1,0,366.4,0,308.3,0,308.0,0,490.2,0,304.0,0,304.2,0,225.0,0,410.1,0,813.0,0,-123.8,0,689.2,0,28.4,0,36.1,0,4.0,0,110.0,0,994.5,0
2005,191,7,10,17,54,17.900,17.94,1065.3,0,162.0,0,840.1,0,228.0,0,366.0,0,308.4,0,308.0,0,493.6,0,303.9,0,304.2,0,238.7,0,437.2,0,865.2,0,-127.6,0,737.6,0,28.4,0,34.7,0,4.2,0,118.4,0,994.5,0
2005,191,7,10,17,57,17.950,17.91,1096.6,0,166.0,0,885.6,0,213.1,0,365.6,0,308.4,0,308.1,0,498.2,0,304.0,0,304.3,0,245.3,0,449.3,0,889.7,0,-132.6,0,757.1,0,28.7,0,35.5,0,3.6,0,131.8,0,994.4,0
2005,191,7,10,18,0,18.000,17.89,1115.6,0,169.6,0,913.7,0,203.2,0,364.1,0,308.5,0,308.1,0,496.9,0,304.1,0,304.3,0,248.6,0,456.3,0,903.2,0,-132.8,0,770.4,0,28.6,0,33.7,0,3.4,0,130.9,0,994.4,0
2005,191,7,10,18,3,18.050,17.90,1049.9,0,157.3,0,852.1,0,200.1,0,366.0,0,308.6,0,308.3,0,499.1,0,304.2,0,304.5,0,238.2,0,430.5,0,853.6,0,-133.1,0,720.5,0,28.9,0,34.5,0,2.7,0,86.2,0,994.4,0
2005,191,7,10,18,6,18.100,17.93,959.8,0,144.6,0,766.6,0,197.5,0,365.4,0,308.6,0,308.2,0,493.8,0,304.3,0,304.5,0,222.8,0,394.6,0,782.3,0,-128.4,0,653.9,0,28.8,0,34.3,0,4.4,0,89.8,0,994.3,0
2005,191,7,10,18,9,18.150,17.99,996.2,0,152.1,0,808.4,0,193.9,0,365.0,0,308.7,0,308.2,0,492.5,0,304.2,0,304.4,0,227.2,0,409.4,0,810.6,0,-127.5,0,683.1,0,28.5,0,35.8,0,4.9,0,103.8,0,994.3,0
2005,191,7,10,18,12,18.200,18.06,1081.5,0,164.6,0,899.1,0,187.9,0,364.6,0,308.7,0,308.2,0,496.1,0,304.1,0,304.4,0,240.2,0,442.9,0,878.1,0,-131.5,0,746.6,0,28.5,0,34.7,0,3.9,0,102.6,0,994.3,0
2005,191,7,10,18,15,18.250,18.16,1091.7,0,165.3,0,915.3,0,182.3,0,365.8,0,308.7,0,308.2,0,498.4,0,304.2,0,304.4,0,241.3,0,447.0,0,886.6,0,-132.6,0,754.1,0,28.6,0,35.4,0,3.9,0,94.3,0,994.2,0
2005,191,7,10,18,18,18.300,18.28,1073.1,0,161.6,0,901.2,0,177.0,0,367.0,0,308.7,0,308.2,0,497.7,0,304.2,0,304.4,0,238.0,0,440.6,0,871.1,0,-130.7,0,740.4,0,28.5,0,35.7,0,4.5,0,69.0,0,994.2,0
2005,191,7,10,18,21,18.350,18.42,1053.4,0,158.6,0,885.9,0,173.9,0,367.7,0,308.7,0,308.3,0,499.2,0,304.2,0,304.4,0,234.0,0,432.7,0,855.8,0,-131.5,0,724.4,0,28.7,0,37.4,0,3.8,0,92.6,0,994.2,0
2005,191,7,10,18,24,18.400,18.58,1036.2,0,157.2,0,872.6,0,171.3,0,366.5,0,308.7,0,308.3,0,496.3,0,304.2,0,304.4,0,230.3,0,425.4,0,841.2,0,-129.8,0,711.4,0,28.7,0,34.4,0,4.2,0,99.5,0,994.1,0
2005,191,7,10,18,27,18.450,18.77,1056.8,0,159.7,0,897.1,0,169.4,0,366.7,0,308.8,0,308.4,0,499.5,0,304.2,0,304.5,0,232.2,0,434.1,0,859.2,0,-132.8,0,726.4,0,28.9,0,35.4,0,3.3,0,96.7,0,994.1,0
2005,191,7,10,18,30,18.500,18.97,1081.6,0,164.5,0,923.8,0,168.5,0,366.5,0,308.8,0,308.4,0,499.1,0,304.3,0,304.5,0,235.9,0,443.6,0,877.6,0,-132.6,0,745.1,0,28.9,0,34.6,0,5.0,0,110.8,0,994.1,0
2005,191,7,10,18,33,18.550,19.19,1085.4,0,166.1,0,924.9,0,171.8,0,366.3,0,308.9,0,308.4,0,498.8,0,304.3,0,304.5,0,235.1,0,445.3,0,879.2,0,-132.5,0,746.8,0,28.8,0,34.0,0,4.6,0,104.6,0,994.1,0
2005,191,7,10,18,36,18.600,19.42,1074.3,0,163.5,0,905.7,0,181.0,0,368.3,0,309.0,0,308.6,0,501.7,0,304.4,0,304.6,0,231.2,0,440.7,0,871.7,0,-133.4,0,738.3,0,29.1,0,34.3,0,3.9,0,86.9,0,994.2,0
2005,191,7,10,18,39,18.650,19.68,986.7,0,151.5,0,798.9,0,196.9,0,366.6,0,309.0,0,308.5,0,496.4,0,304.4,0,304.6,0,214.5,0,404.8,0,797.6,0,-129.8,0,667.8,0,29.0,0,31.6,0,5.3,0,81.2,0,994.2,0
2005,191,7,10,18,42,18.700,19.95,880.7,0,135.7,0,664.9,0,220.0,0,366.0,0,309.0,0,308.5,0,492.9,0,304.3,0,304.5,0,195.6,0,361.6,0,709.2,0,-126.9,0,582.4,0,28.9,0,32.9,0,4.5,0,79.1,0,994.2,0
2005,191,7,10,18,45,18.750,20.24,828.0,0,129.3,0,585.7,0,244.7,0,365.5,0,308.9,0,308.4,0,488.2,0,304.2,0,304.3,0,185.0,0,339.8,0,665.0,0,-122.7,0,542.3,0,28.8,0,32.3,0,5.4,0,92.7,0,994.2,0
2005,191,7,10,18,48,18.800,20.55,719.5,0,112.9,0,461.1,0,257.8,0,365.2,0,308.8,0,308.3,0,484.3,0,304.0,0,304.1,0,168.3,0,297.2,0,576.7,0,-119.1,0,457.6,0,28.6,0,31.7,0,3.8,0,103.8,0,994.2,0
2005,191,7,10,18,51,18.850,20.87,711.3,0,110.7,0,450.6,0,262.8,0,366.3,0,308.7,0,308.2,0,483.8,0,303.9,0,304.0,0,165.9,0,294.4,0,573.1,0,-117.5,0,455.6,0,28.7,0,33.1,0,3.3,0,108.4,0,994.1,0
2005,191,7,10,18,54,18.900,21.20,752.6,0,116.8,0,496.6,0,259.9,0,367.0,0,308.5,0,308.0,0,484.0,0,303.9,0,304.0,0,172.2,0,311.8,0,606.0,0,-117.0,0,489.0,0,28.8,0,33.4,0,4.3,0,101.0,0,994.1,0
2005,191,7,10,18,57,18.950,21.55,932.2,0,145.2,0,686.0,0,258.6,0,368.0,0,308.4,0,308.0,0,490.3,0,303.8,0,304.0,0,198.9,0,383.5,0,751.4,0,-122.3,0,629.1,0,28.9,0,33.5,0,4.1,0,115.7,0,994.1,0
2005,191,7,10,19,0,19.000,21.91,930.0,0,144.8,0,689.9,0,256.1,0,370.1,0,308.4,0,308.1,0,494.1,0,303.9,0,304.2,0,199.0,0,381.1,0,751.3,0,-124.0,0,627.4,0,29.1,0,34.4,0,3.7,0,101.2,0,994.1,0
2005,191,7,10,19,3,19.050,22.28,747.3,0,116.9,0,508.4,0,248.5,0,368.9,0,308.4,0,307.9,0,487.2,0,304.0,0,304.1,0,172.2,0,308.2,0,602.0,0,-118.3,0,483.7,0,29.0,0,33.7,0,4.6,0,89.5,0,994.2,0
2005,191,7,10,19,6,19.100,22.67,679.2,0,106.2,0,457.3,0,233.2,0,369.4,0,308.3,0,307.8,0,482.1,0,303.9,0,304.0,0,160.8,0,283.1,0,549.0,0,-112.8,0,436.2,0,28.8,0,32.9,0,3.5,0,112.8,0,994.1,0
2005,191,7,10,19,9,19.150,23.06,841.8,0,130.8,0,650.3,0,217.0,0,371.4,0,308.2,0,307.8,0,488.1,0,303.9,0,304.0,0,184.9,0,349.9,0,684.6,0,-116.7,0,567.9,0,28.9,0,35.9,0,3.2,0,107.8,0,994.1,0
2005,191,7,10,19,12,19.200,23.47,1072.7,0,167.4,0,911.5,0,201.3,0,372.5,0,308.2,0,307.8,0,495.8,0,303.9,0,304.2,0,218.6,0,441.3,0,870.0,0,-123.3,0,746.6,0,28.8,0,34.9,0,4.8,0,77.5,0,994.1,0
2005,191,7,10,19,15,19.250,23.88,1051.4,0,163.4,0,913.1,0,183.7,0,373.0,0,308.3,0,307.9,0,499.5,0,304.0,0,304.4,0,216.3,0,433.5,0,855.2,0,-126.5,0,728.7,0,29.0,0,35.1,0,3.5,0,83.4,0,994.1,0
2005,191,7,10,19,18,19.300,24.31,1025.4,0,159.2,0,905.1,0,170.7,0,374.0,0,308.4,0,308.1,0,500.5,0,304.2,0,304.5,0,212.1,0,423.6,0,836.4,0,-126.4,0,709.9,0,29.3,0,36.3,0,3.8,0,76.3,0,994.0,0
2005,191,7,10,19,21,19.350,24.74,987.2,0,153.5,0,877.3,0,160.8,0,373.5,0,308.6,0,308.1,0,500.7,0,304.4,0,304.7,0,204.6,0,408.7,0,804.1,0,-127.2,0,676.9,0,29.5,0,35.2,0,3.3,0,80.7,0,994.0,0
2005,191,7,10,19,24,19.400,25.18,1012.6,0,158.1,0,919.7,0,151.6,0,371.6,0,308.7,0,308.3,0,499.7,0,304.5,0,304.8,0,208.4,0,418.7,0,825.7,0,-128.1,0,697.6,0,29.5,0,35.4,0,4.1,0,104.9,0,993.9,0
2005,191,7,10,19,27,19.450,25.63,1001.5,0,157.0,0,921.2,0,142.9,0,371.5,0,308.8,0,308.3,0,499.6,0,304.6,0,304.9,0,206.7,0,414.9,0,816.5,0,-128.1,0,688.4,0,29.5,0,33.5,0,3.9,0,108.9,0,993.8,0
2005,191,7,10,19,30,19.500,26.09,994.3,0,156.6,0,922.3,0,138.1,0,370.8,0,308.9,0,308.4,0,499.4,0,304.7,0,305.0,0,205.5,0,412.7,0,809.8,0,-128.6,0,681.2,0,29.5,0,34.8,0,4.2,0,115.3,0,993.8,0
2005,191,7,10,19,33,19.550,26.55,987.1,0,155.2,0,920.0,0,136.3,0,371.8,0,309.0,0,308.6,0,500.7,0,304.8,0,305.1,0,202.8,0,409.9,0,804.1,0,-128.9,0,675.2,0,29.5,0,34.9,0,3.2,0,91.0,0,993.8,0
2005,191,7,10,19,36,19.600,27.02,976.2,0,153.3,0,911.8,0,136.4,0,371.9,0,309.1,0,308.6,0,501.1,0,304.9,0,305.2,0,199.9,0,405.7,0,795.3,0,-129.3,0,666.0,0,29.7,0,34.2,0,2.9,0,105.9,0,993.7,0
2005,191,7,10,19,39,19.650,27.50,963.0,0,151.6,0,899.1,0,138.2,0,371.7,0,309.2,0,308.7,0,501.1,0,305.1,0,305.3,0,195.8,0,400.0,0,784.1,0,-129.4,0,654.7,0,29.8,0,34.0,0,3.6,0,105.2,0,993.7,0
2005,191,7,10,19,42,19.700,27.98,966.9,0,154.1,0,904.9,0,141.9,0,370.9,0,309.3,0,308.8,0,499.4,0,305.1,0,305.3,0,194.1,0,401.4,0,786.9,0,-128.4,0,658.5,0,29.6,0,33.3,0,4.7,0,128.6,0,993.7,0
2005,191,7,10,19,45,19.750,28.47,966.4,0,155.6,0,900.0,0,147.9,0,371.1,0,309.3,0,308.8,0,498.0,0,305.1,0,305.3,0,192.6,0,400.8,0,783.5,0,-126.9,0,656.6,0,29.5,0,32.2,0,5.3,0,111.6,0,993.7,0
2005,191,7,10,19,48,19.800,28.97,852.7,0,136.8,0,769.5,0,153.8,0,371.2,0,309.4,0,308.7,0,495.7,0,305.0,0,305.2,0,176.2,0,356.2,0,690.2,0,-124.4,0,565.8,0,29.5,0,33.5,0,3.8,0,83.6,0,993.7,0
2005,191,7,10,19,51,19.850,29.46,954.7,0,153.4,0,876.1,0,162.4,0,373.0,0,309.4,0,308.8,0,498.3,0,305.0,0,305.2,0,186.5,0,396.7,0,771.9,0,-125.3,0,646.6,0,29.6,0,35.0,0,3.8,0,97.8,0,993.6,0
2005,191,7,10,19,54,19.900,29.97,909.2,0,147.2,0,827.8,0,167.7,0,372.8,0,309.4,0,308.9,0,497.4,0,305.0,0,305.2,0,179.9,0,377.6,0,737.6,0,-124.6,0,613.0,0,29.7,0,34.6,0,5.4,0,111.6,0,993.6,0
2005,191,7,10,19,57,19.950,30.48,894.2,0,145.8,0,811.4,0,171.1,0,370.6,0,309.4,0,308.8,0,494.7,0,305.0,0,305.1,0,175.5,0,372.0,0,724.6,0,-124.0,0,600.6,0,29.5,0,32.5,0,4.1,0,127.9,0,993.5,0
2005,191,7,10,20,0,20.000,30.99,869.6,0,141.2,0,787.1,0,173.2,0,371.1,0,309.4,0,308.9,0,496.0,0,305.0,0,305.2,0,170.4,0,361.9,0,706.7,0,-124.8,0,581.9,0,29.3,0,33.6,0,2.8,0,122.5,0,993.4,0
2005,191,7,10,20,3,20.050,31.51,816.4,0,133.4,0,734.5,0,170.0,0,370.3,0,309.4,0,308.9,0,495.3,0,305.0,0,305.2,0,163.4,0,340.6,0,662.8,0,-125.0,0,537.9,0,29.5,0,33.2,0,3.4,0,134.4,0,993.4,0
2005,191,7,10,20,6,20.100,32.03,810.6,0,133.1,0,739.7,0,164.8,0,369.0,0,309.3,0,308.6,0,487.6,0,304.9,0,305.0,0,160.9,0,341.2,0,658.8,0,-118.6,0,540.2,0,29.3,0,32.4,0,6.4,0,126.7,0,993.4,0
2005,191,7,10,20,9,20.150,32.55,910.3,0,150.9,0,862.5,0,158.8,0,368.8,0,309.3,0,308.6,0,493.1,0,304.8,0,304.9,0,171.7,0,378.2,0,734.9,0,-124.2,0,610.7,0,29.2,0,33.7,0,4.8,0,125.1,0,993.4,0
2005,191,7,10,20,12,20.200,33.08,937.7,0,155.5,0,910.3,0,150.4,0,368.2,0,309.2,0,308.6,0,496.0,0,304.8,0,305.0,0,173.9,0,388.6,0,757.7,0,-127.8,0,630.0,0,29.4,0,31.8,0,3.8,0,118.4,0,993.4,0
2005,191,7,10,20,15,20.250,33.61,925.2,0,152.6,0,912.3,0,142.4,0,368.6,0,309.2,0,308.6,0,497.7,0,304.8,0,305.1,0,171.5,0,384.4,0,749.5,0,-129.1,0,620.4,0,29.7,0,33.5,0,3.5,0,102.2,0,993.3,0
2005,191,7,10,20,18,20.300,34.14,914.2,0,152.2,0,913.6,0,135.2,0,367.5,0,309.2,0,308.6,0,494.3,0,304.9,0,305.1,0,168.4,0,379.7,0,739.1,0,-126.8,0,612.3,0,29.5,0,32.4,0,5.1,0,98.8,0,993.3,0
2005,191,7,10,20,21,20.350,34.68,887.1,0,148.1,0,896.0,0,128.4,0,367.4,0,309.2,0,308.5,0,495.0,0,304.8,0,305.0,0,163.4,0,369.1,0,717.1,0,-127.7,0,589.4,0,29.5,0,33.6,0,3.7,0,98.5,0,993.2,0
2005,191,7,10,20,24,20.400,35.22,889.6,0,148.4,0,914.9,0,123.7,0,368.2,0,309.2,0,308.7,0,497.9,0,304.9,0,305.2,0,161.2,0,370.0,0,722.7,0,-129.8,0,593.0,0,30.0,0,33.9,0,3.9,0,117.8,0,993.2,0
2005,191,7,10,20,27,20.450,35.76,877.1,0,147.4,0,914.0,0,119.3,0,367.3,0,309.3,0,308.8,0,496.3,0,305.0,0,305.2,0,157.2,0,364.9,0,713.6,0,-129.0,0,584.6,0,29.9,0,31.9,0,3.5,0,127.7,0,993.2,0
2005,191,7,10,20,30,20.500,36.30,866.4,0,147.2,0,912.5,0,115.0,0,365.6,0,309.4,0,308.7,0,494.2,0,305.1,0,305.2,0,153.7,0,360.6,0,703.3,0,-128.7,0,574.6,0,29.8,0,31.5,0,4.8,0,139.3,0,993.2,0
2005,191,7,10,20,33,20.550,36.85,858.0,0,146.4,0,912.8,0,110.8,0,365.6,0,309.4,0,308.7,0,494.3,0,305.0,0,305.2,0,150.8,0,357.2,0,694.8,0,-128.7,0,566.0,0,29.7,0,31.7,0,4.4,0,115.5,0,993.2,0
2005,191,7,10,20,36,20.600,37.40,850.1,0,145.2,0,912.8,0,108.1,0,365.7,0,309.4,0,308.8,0,495.2,0,305.1,0,305.3,0,148.4,0,354.2,0,688.1,0,-129.5,0,558.6,0,29.8,0,31.5,0,3.0,0,119.4,0,993.1,0
2005,191,7,10,20,39,20.650,37.95,840.7,0,143.6,0,910.9,0,107.0,0,365.7,0,309.5,0,308.8,0,494.5,0,305.1,0,305.3,0,145.5,0,350.7,0,681.7,0,-128.8,0,552.9,0,29.9,0,30.9,0,3.7,0,118.7,0,993.0,0
2005,191,7,10,20,42,20.700,38.50,832.2,0,143.8,0,907.9,0,106.9,0,366.3,0,309.5,0,308.8,0,492.7,0,305.1,0,305.3,0,142.4,0,347.5,0,673.6,0,-126.4,0,547.2,0,29.7,0,31.4,0,4.4,0,123.9,0,993.0,0
2005,191,7,10,20,45,20.750,39.06,813.8,0,141.0,0,888.3,0,109.3,0,367.3,0,309.5,0,308.8,0,493.1,0,305.1,0,305.3,0,138.1,0,340.4,0,658.1,0,-125.8,0,532.3,0,29.7,0,32.2,0,4.2,0,119.9,0,993.0,0
2005,191,7,10,20,48,20.800,39.61,703.0,0,122.4,0,755.8,0,108.5,0,365.6,0,309.5,0,308.8,0,489.0,0,305.1,0,305.2,0,124.9,0,295.9,0,568.4,0,-123.4,0,445.0,0,29.7,0,32.3,0,3.7,0,140.2,0,992.9,0
2005,191,7,10,20,51,20.850,40.17,802.2,0,140.3,0,891.9,0,107.9,0,366.4,0,309.5,0,308.8,0,491.6,0,305.1,0,305.2,0,132.3,0,335.8,0,649.2,0,-125.2,0,523.9,0,29.7,0,31.9,0,3.9,0,123.3,0,992.9,0
2005,191,7,10,20,54,20.900,40.73,798.1,0,140.2,0,900.7,0,103.4,0,366.6,0,309.5,0,308.8,0,491.9,0,305.1,0,305.3,0,130.1,0,334.2,0,645.7,0,-125.3,0,520.4,0,29.7,0,31.8,0,3.8,0,131.0,0,992.9,0
2005,191,7,10,20,57,20.950,41.29,785.1,0,138.5,0,895.6,0,100.5,0,366.8,0,309.5,0,308.8,0,491.2,0,305.1,0,305.3,0,126.7,0,329.5,0,635.0,0,-124.4,0,510.6,0,29.8,0,31.9,0,3.8,0,110.7,0,992.8,0
2005,191,7,10,21,0,21.000,41.85,774.3,0,137.3,0,892.0,0,98.9,0,367.2,0,309.5,0,308.8,0,490.9,0,305.1,0,305.3,0,123.4,0,325.3,0,626.1,0,-123.7,0,502.4,0,29.7,0,31.9,0,3.1,0,114.6,0,992.8,0
2005,191,7,10,21,3,21.050,42.41,765.6,0,135.4,0,889.9,0,97.9,0,367.3,0,309.5,0,308.8,0,492.6,0,305.1,0,305.3,0,120.6,0,321.8,0,619.5,0,-125.3,0,494.3,0,29.9,0,33.0,0,2.7,0,92.4,0,992.7,0
2005,191,7,10,21,6,21.100,42.98,755.8,0,134.1,0,886.2,0,97.9,0,369.3,0,309.5,0,308.8,0,493.6,0,305.2,0,305.4,0,117.5,0,318.3,0,612.2,0,-124.3,0,487.9,0,30.1,0,34.7,0,2.6,0,95.8,0,992.7,0
2005,191,7,10,21,9,21.150,43.54,751.7,0,134.2,0,882.1,0,104.5,0,369.5,0,309.5,0,308.8,0,492.2,0,305.3,0,305.5,0,114.8,0,316.8,0,609.8,0,-122.7,0,487.0,0,30.1,0,33.2,0,4.3,0,100.4,0,992.7,0
2005,191,7,10,21,12,21.200,44.11,766.7,0,139.1,0,875.5,0,129.3,0,371.0,0,309.5,0,308.9,0,490.9,0,305.3,0,305.5,0,113.0,0,321.7,0,618.9,0,-119.9,0,499.0,0,29.9,0,32.1,0,3.5,0,94.1,0,992.7,0
2005,191,7,10,21,15,21.250,44.67,680.3,0,122.8,0,724.5,0,157.9,0,371.8,0,309.5,0,308.9,0,490.3,0,305.3,0,305.5,0,104.5,0,288.4,0,550.3,0,-118.5,0,431.8,0,30.0,0,33.4,0,3.7,0,105.7,0,992.7,0
2005,191,7,10,21,18,21.300,45.24,639.2,0,116.0,0,662.6,0,166.9,0,371.5,0,309.5,0,308.9,0,486.6,0,305.2,0,305.4,0,99.0,0,272.4,0,517.4,0,-115.0,0,402.4,0,30.1,0,32.2,0,3.6,0,134.8,0,992.7,0
2005,191,7,10,21,21,21.350,45.81,609.1,0,110.9,0,588.8,0,192.9,0,373.3,0,309.5,0,308.9,0,485.2,0,305.2,0,305.3,0,94.8,0,260.1,0,492.3,0,-111.9,0,380.5,0,29.8,0,32.0,0,3.2,0,134.3,0,992.6,0
2005,191,7,10,21,24,21.400,46.38,604.1,0,109.5,0,540.9,0,224.5,0,375.4,0,309.4,0,308.9,0,485.6,0,305.2,0,305.3,0,91.9,0,258.7,0,488.1,0,-110.2,0,377.9,0,29.9,0,32.2,0,2.8,0,125.1,0,992.6,0
2005,191,7,10,21,27,21.450,46.95,653.8,0,120.4,0,594.5,0,241.2,0,377.3,0,309.4,0,308.9,0,485.9,0,305.2,0,305.3,0,92.4,0,276.8,0,526.6,0,-108.6,0,418.0,0,29.9,0,33.6,0,4.0,0,132.6,0,992.6,0
2005,191,7,10,21,30,21.500,47.52,532.1,0,98.4,0,422.5,0,241.8,0,377.8,0,309.4,0,308.8,0,480.5,0,305.1,0,305.1,0,82.0,0,228.3,0,428.8,0,-102.7,0,326.1,0,29.6,0,33.2,0,4.3,0,120.8,0,992.6,0
2005,191,7,10,21,33,21.550,48.09,555.6,0,103.2,0,487.4,0,224.8,0,378.1,0,309.2,0,308.6,0,480.2,0,304.9,0,305.0,0,80.6,0,237.0,0,447.1,0,-102.1,0,345.0,0,29.7,0,35.1,0,3.6,0,114.5,0,992.6,0
2005,191,7,10,21,36,21.600,48.66,544.4,0,101.7,0,514.0,0,201.5,0,377.3,0,309.1,0,308.5,0,480.4,0,304.9,0,304.9,0,78.7,0,232.5,0,439.3,0,-103.1,0,336.3,0,29.7,0,35.9,0,4.1,0,135.6,0,992.5,0
2005,191,7,10,21,39,21.650,49.24,628.1,0,119.8,0,672.4,0,185.5,0,377.1,0,309.0,0,308.4,0,482.0,0,304.8,0,304.9,0,81.7,0,265.6,0,504.7,0,-105.0,0,399.7,0,29.7,0,37.0,0,4.8,0,134.7,0,992.5,0
2005,191,7,10,21,42,21.700,49.81,629.3,0,120.5,0,709.3,0,170.3,0,376.3,0,309.0,0,308.3,0,481.2,0,304.7,0,304.8,0,81.4,0,267.9,0,507.5,0,-104.9,0,402.6,0,29.5,0,35.4,0,5.1,0,130.6,0,992.6,0
2005,191,7,10,21,45,21.750,50.38,686.3,0,132.6,0,829.2,0,156.1,0,376.0,0,308.9,0,308.3,0,484.8,0,304.6,0,304.8,0,83.0,0,290.6,0,552.3,0,-108.8,0,443.5,0,29.6,0,36.1,0,4.8,0,128.7,0,992.6,0
2005,191,7,10,21,48,21.800,50.95,667.5,0,129.9,0,830.5,0,144.7,0,374.7,0,309.0,0,308.4,0,484.6,0,304.6,0,304.8,0,79.8,0,282.9,0,538.0,0,-109.9,0,428.1,0,29.7,0,34.0,0,4.4,0,124.6,0,992.6,0
2005,191,7,10,21,51,21.850,51.53,605.7,0,117.8,0,757.7,0,136.3,0,373.5,0,309.0,0,308.4,0,484.2,0,304.6,0,304.8,0,74.6,0,257.9,0,489.9,0,-110.7,0,379.2,0,29.9,0,34.3,0,3.8,0,124.5,0,992.6,0
2005,191,7,10,21,54,21.900,52.10,550.4,0,107.6,0,690.9,0,128.8,0,371.9,0,309.0,0,308.4,0,480.9,0,304.7,0,304.8,0,69.1,0,235.5,0,445.6,0,-109.0,0,336.5,0,29.8,0,33.1,0,4.0,0,132.0,0,992.7,0
2005,191,7,10,21,57,21.950,52.67,515.3,0,101.2,0,653.3,0,122.9,0,371.3,0,309.0,0,308.3,0,480.3,0,304.7,0,304.8,0,65.7,0,221.3,0,417.8,0,-109.0,0,308.8,0,29.7,0,33.9,0,3.0,0,135.8,0,992.7,0
2005,191,7,10,22,0,22.000,53.25,529.9,0,104.3,0,691.9,0,119.3,0,372.4,0,309.0,0,308.3,0,480.0,0,304.7,0,304.8,0,64.5,0,227.5,0,429.0,0,-107.6,0,321.4,0,29.8,0,34.0,0,3.0,0,128.2,0,992.6,0
2005,191,7,10,22,3,22.050,53.82,540.0,0,107.4,0,724.8,0,115.5,0,372.9,0,308.9,0,308.3,0,481.1,0,304.7,0,304.8,0,63.0,0,230.8,0,435.9,0,-108.2,0,327.7,0,29.9,0,36.0,0,3.3,0,136.9,0,992.6,0
2005,191,7,10,22,6,22.100,54.40,537.2,0,107.5,0,738.7,0,111.8,0,373.1,0,308.9,0,308.3,0,480.8,0,304.7,0,304.8,0,61.5,0,230.6,0,434.4,0,-107.7,0,326.7,0,29.9,0,36.0,0,3.2,0,134.9,0,992.6,0
2005,191,7,10,22,9,22.150,54.97,569.3,0,114.9,0,809.8,0,109.5,0,373.0,0,308.9,0,308.3,0,483.0,0,304.8,0,304.9,0,61.5,0,243.3,0,459.5,0,-110.0,0,349.5,0,30.0,0,34.5,0,2.8,0,134.3,0,992.6,0
2005,191,7,10,22,12,22.200,55.54,559.9,0,113.1,0,810.3,0,108.2,0,372.9,0,309.0,0,308.4,0,482.6,0,304.8,0,305.0,0,60.2,0,240.0,0,453.5,0,-109.8,0,343.7,0,30.0,0,33.7,0,2.4,0,144.3,0,992.5,0
2005,191,7,10,22,15,22.250,56.12,548.4,0,111.4,0,804.4,0,107.5,0,373.2,0,309.0,0,308.4,0,482.4,0,304.9,0,305.1,0,57.8,0,235.0,0,444.5,0,-109.3,0,335.2,0,30.0,0,34.1,0,2.6,0,133.3,0,992.4,0
2005,191,7,10,22,18,22.300,56.69,539.2,0,110.1,0,799.3,0,107.6,0,374.0,0,309.1,0,308.4,0,482.7,0,305.0,0,305.2,0,55.6,0,231.0,0,436.4,0,-108.7,0,327.7,0,30.1,0,34.1,0,2.2,0,79.9,0,992.3,0
2005,191,7,10,22,21,22.350,57.26,532.5,0,109.3,0,794.8,0,110.8,0,374.0,0,309.1,0,308.5,0,481.9,0,305.1,0,305.2,0,53.4,0,228.0,0,431.3,0,-108.0,0,323.4,0,30.2,0,34.3,0,2.8,0,127.2,0,992.3,0
2005,191,7,10,22,24,22.400,57.84,477.6,0,97.9,0,700.3,0,113.0,0,373.6,0,309.2,0,308.4,0,478.9,0,305.1,0,305.2,0,49.9,0,206.5,0,387.9,0,-105.3,0,282.7,0,30.0,0,32.9,0,2.8,0,120.6,0,992.3,0
2005,191,7,10,22,27,22.450,58.41,480.3,0,99.4,0,721.8,0,111.3,0,373.2,0,309.1,0,308.5,0,478.8,0,305.1,0,305.2,0,48.4,0,207.0,0,390.0,0,-105.6,0,284.5,0,30.1,0,33.0,0,1.9,0,107.3,0,992.2,0
2005,191,7,10,22,30,22.500,58.98,466.5,0,97.4,0,725.3,0,101.8,0,373.2,0,309.1,0,308.4,0,479.6,0,305.2,0,305.3,0,46.0,0,200.2,0,378.2,0,-106.4,0,271.8,0,30.2,0,36.1,0,2.6,0,112.9,0,992.2,0
2005,191,7,10,22,33,22.550,59.55,463.2,0,99.0,0,743.6,0,96.5,0,371.6,0,309.1,0,308.3,0,476.7,0,305.1,0,305.2,0,43.8,0,199.7,0,374.3,0,-105.1,0,269.1,0,30.0,0,34.5,0,4.1,0,108.2,0,992.2,0
2005,191,7,10,22,36,22.600,60.13,451.4,0,97.3,0,739.1,0,93.2,0,370.2,0,309.1,0,308.3,0,476.2,0,305.0,0,305.1,0,42.2,0,194.3,0,364.0,0,-106.0,0,258.0,0,29.9,0,35.5,0,3.0,0,100.4,0,992.2,0
2005,191,7,10,22,39,22.650,60.70,449.3,0,97.1,0,751.7,0,91.5,0,369.3,0,309.0,0,308.2,0,476.3,0,304.9,0,305.0,0,41.1,0,193.9,0,362.3,0,-107.0,0,255.3,0,30.0,0,35.9,0,2.9,0,103.3,0,992.1,0
2005,191,7,10,22,42,22.700,61.27,449.1,0,98.0,0,759.4,0,93.9,0,369.0,0,308.9,0,308.1,0,475.1,0,304.9,0,305.0,0,39.7,0,193.1,0,360.9,0,-106.1,0,254.8,0,29.9,0,32.2,0,4.0,0,105.3,0,992.1,0
2005,191,7,10,22,45,22.750,61.84,433.1,0,95.1,0,734.1,0,98.2,0,369.3,0,308.9,0,308.1,0,474.7,0,304.8,0,304.9,0,38.1,0,186.8,0,349.6,0,-105.4,0,244.2,0,29.9,0,34.4,0,2.9,0,102.7,0,992.0,0
2005,191,7,10,22,48,22.800,62.41,439.1,0,96.5,0,749.8,0,104.6,0,370.3,0,308.8,0,308.1,0,475.7,0,304.8,0,304.9,0,37.1,0,188.9,0,355.4,0,-105.5,0,250.0,0,29.9,0,36.3,0,2.5,0,109.3,0,992.0,0
2005,191,7,10,22,51,22.850,62.98,365.1,0,79.5,0,597.0,0,106.1,0,370.2,0,308.8,0,308.0,0,472.4,0,304.7,0,304.8,0,33.7,0,158.9,0,297.8,0,-102.2,0,195.5,0,29.9,0,35.4,0,2.9,0,100.9,0,992.0,0
2005,191,7,10,22,54,22.900,63.55,353.6,0,77.6,0,581.9,0,106.1,0,369.8,0,308.7,0,307.8,0,471.6,0,304.6,0,304.7,0,32.5,0,154.4,0,287.7,0,-101.8,0,185.9,0,29.8,0,36.7,0,2.8,0,122.5,0,992.0,0
2005,191,7,10,22,57,22.950,64.11,284.3,0,61.9,0,439.7,0,102.7,0,368.3,0,308.5,0,307.7,0,467.7,0,304.5,0,304.5,0,29.5,0,126.4,0,232.8,0,-99.4,0,133.4,0,29.6,0,35.3,0,3.9,0,122.8,0,991.9,0
2005,191,7,10,23,0,23.000,64.68,311.1,0,70.1,0,524.2,0,98.0,0,367.0,0,308.3,0,307.5,0,466.1,0,304.4,0,304.4,0,28.1,0,136.9,0,252.2,0,-99.2,0,153.0,0,29.5,0,34.9,0,3.1,0,125.2,0,991.9,0
2005,191,7,10,23,3,23.050,65.25,336.6,0,77.1,0,617.1,0,91.2,0,366.5,0,308.1,0,307.3,0,468.4,0,304.3,0,304.3,0,27.7,0,146.2,0,272.5,0,-101.9,0,170.5,0,29.6,0,33.9,0,2.9,0,127.0,0,991.9,0
2005,191,7,10,23,6,23.100,65.81,307.8,0,70.8,0,578.4,0,85.0,0,366.3,0,308.0,0,307.2,0,466.9,0,304.2,0,304.3,0,26.1,0,135.2,0,251.2,0,-100.6,0,150.7,0,29.6,0,33.8,0,2.7,0,124.1,0,992.0,0
2005,191,7,10,23,9,23.150,66.38,345.1,0,80.9,0,685.2,0,85.7,0,366.0,0,307.9,0,307.1,0,468.4,0,304.2,0,304.2,0,25.8,0,149.6,0,279.4,0,-102.3,0,177.0,0,29.6,0,35.7,0,3.4,0,128.3,0,992.0,0
2005,191,7,10,23,12,23.200,66.94,348.0,0,82.4,0,712.1,0,85.4,0,366.3,0,307.8,0,307.0,0,468.8,0,304.1,0,304.2,0,25.1,0,151.2,0,281.9,0,-102.6,0,179.3,0,29.5,0,36.5,0,3.2,0,124.6,0,992.0,0
2005,191,7,10,23,15,23.250,67.51,336.9,0,80.1,0,702.8,0,85.1,0,365.7,0,307.8,0,307.0,0,469.3,0,304.1,0,304.2,0,23.9,0,146.7,0,273.8,0,-103.7,0,170.2,0,29.5,0,39.2,0,2.5,0,120.6,0,992.0,0
2005,191,7,10,23,18,23.300,68.07,300.5,0,71.4,0,621.3,0,85.0,0,365.5,0,307.8,0,307.0,0,467.7,0,304.1,0,304.1,0,22.4,0,132.0,0,245.6,0,-102.2,0,143.4,0,29.5,0,38.5,0,2.3,0,122.3,0,992.0,0
2005,191,7,10,23,21,23.350,68.63,285.6,0,68.1,0,589.7,0,87.0,0,365.9,0,307.7,0,306.9,0,465.5,0,304.1,0,304.1,0,21.2,0,125.9,0,233.8,0,-99.6,0,134.2,0,29.5,0,33.7,0,3.5,0,120.7,0,992.0,0
2005,191,7,10,23,24,23.400,69.19,305.2,0,73.7,0,650.5,0,91.8,0,366.8,0,307.6,0,306.9,0,465.6,0,304.0,0,304.1,0,20.7,0,133.5,0,249.2,0,-98.9,0,150.3,0,29.6,0,33.2,0,2.9,0,116.1,0,992.0,0
2005,191,7,10,23,27,23.450,69.75,321.8,0,78.6,0,697.6,0,98.7,0,367.6,0,307.6,0,306.8,0,466.1,0,304.0,0,304.0,0,20.3,0,139.5,0,261.6,0,-98.6,0,163.0,0,29.5,0,35.6,0,3.4,0,108.6,0,991.9,0
2005,191,7,10,23,30,23.500,70.31,313.1,0,76.8,0,672.5,0,104.8,0,368.9,0,307.6,0,306.8,0,466.1,0,303.9,0,304.0,0,19.1,0,135.4,0,254.5,0,-97.2,0,157.3,0,29.5,0,37.2,0,3.1,0,108.3,0,991.9,0
2005,191,7,10,23,33,23.550,70.87,275.5,0,67.1,0,574.9,0,104.4,0,368.8,0,307.5,0,306.8,0,464.8,0,303.9,0,303.9,0,17.6,0,120.8,0,225.8,0,-96.1,0,129.7,0,29.4,0,37.3,0,2.7,0,104.8,0,991.9,0
2005,191,7,10,23,36,23.600,71.43,241.0,0,58.4,0,493.1,0,100.5,0,368.0,0,307.4,0,306.7,0,463.7,0,303.8,0,303.8,0,16.2,0,106.4,0,199.1,0,-95.7,0,103.4,0,29.4,0,38.7,0,2.6,0,106.7,0,992.0,0
2005,191,7,10,23,39,23.650,71.98,259.4,0,64.8,0,573.6,0,99.8,0,367.6,0,307.3,0,306.6,0,463.2,0,303.7,0,303.8,0,15.1,0,113.2,0,212.4,0,-95.6,0,116.8,0,29.3,0,39.3,0,2.5,0,113.7,0,992.0,0
2005,191,7,10,23,42,23.700,72.54,251.4,0,63.1,0,562.7,0,100.7,0,367.7,0,307.2,0,306.5,0,462.8,0,303.7,0,303.7,0,14.1,0,109.8,0,206.5,0,-95.0,0,111.4,0,29.2,0,39.0,0,2.9,0,117.1,0,991.9,0
2005,191,7,10,23,45,23.750,73.09,199.2,0,49.1,0,404.7,0,96.9,0,367.7,0,307.1,0,306.4,0,459.9,0,303.6,0,303.6,0,12.7,0,88.9,0,165.5,0,-92.2,0,73.3,0,29.2,0,35.1,0,2.9,0,126.6,0,991.9,0
2005,191,7,10,23,48,23.800,73.64,230.8,0,59.3,0,533.5,0,97.7,0,366.8,0,307.0,0,306.3,0,459.3,0,303.5,0,303.6,0,12.2,0,99.9,0,188.7,0,-92.6,0,96.1,0,29.3,0,35.6,0,2.4,0,121.3,0,991.8,0
2005,191,7,10,23,51,23.850,74.19,219.6,0,56.4,0,521.4,0,95.6,0,367.0,0,306.9,0,306.2,0,460.2,0,303.5,0,303.5,0,11.5,0,95.3,0,181.2,0,-93.2,0,88.0,0,29.3,0,36.6,0,2.2,0,119.2,0,991.8,0
2005,191,7,10,23,54,23.900,74.74,209.1,0,54.7,0,523.3,0,89.4,0,367.1,0,306.8,0,306.1,0,459.3,0,303.5,0,303.5,0,10.5,0,90.8,0,172.4,0,-92.2,0,80.2,0,29.2,0,38.3,0,1.8,0,115.9,0,991.8,0
2005,191,7,10,23,57,23.950,75.29,222.5,0,59.6,0,610.0,0,87.4,0,367.1,0,306.7,0,306.0,0,460.4,0,303.4,0,303.5,0,9.8,0,95.3,0,182.7,0,-93.2,0,89.4,0,29.2,0,40.2,0,1.4,0,114.0,0,991.8,0
